Alias;Type;Experiment;Geometry;Parent;Species;Variety;ExperimentModalities;Repetition
1/DZ_PG_67/ZM4394/WW/1/DIA2017-05-19;Plot;;Polygon ((3.973359402 43.61321499, 3.973389651 43.61319639, 3.973437651 43.6132376, 3.973407402 43.6132562, 3.973359402 43.61321499));;Maize;iPG310;WW;1
2/DZ_PG_30/ZM4361/WW/1/DIA2017-05-19;Plot;;Polygon ((3.973389651 43.61319639, 3.9734199 43.61317779, 3.973467901 43.61321899, 3.973437651 43.6132376, 3.973389651 43.61319639));;Maize;iPG152;WW;1
3/DZ_PG_49/ZM4389/WW/1/DIA2017-05-19;Plot;;Polygon ((3.9734199 43.61317779, 3.973450149 43.61315919, 3.97349815 43.61320039, 3.973467901 43.61321899, 3.9734199 43.61317779));;Maize;iPG228;WW;1
4/DZ_PG_66/ZM4391/WW/1/DIA2017-05-19;Plot;;Polygon ((3.973450149 43.61315919, 3.973480399 43.61314058, 3.973528399 43.61318179, 3.97349815 43.61320039, 3.973450149 43.61315919));;Maize;iPG318;WW;1
5/DZ_PG_20/ZM4344/WW/1/DIA2017-05-19;Plot;;Polygon ((3.973480399 43.61314058, 3.973510648 43.61312198, 3.973558649 43.61316319, 3.973528399 43.61318179, 3.973480399 43.61314058));;Maize;iPG119;WW;1
6/DKC4590/XXXX/WW/1/DIA2017-05-19;Plot;;Polygon ((3.973510648 43.61312198, 3.973540897 43.61310338, 3.973588898 43.61314459, 3.973558649 43.61316319, 3.973510648 43.61312198));;Maize;DKC4590;WW;1
7/DKC4590/XXXX/WW/1/DIA2017-05-19;Plot;;Polygon ((3.973540897 43.61310338, 3.973571147 43.61308478, 3.973619147 43.61312599, 3.973588898 43.61314459, 3.973540897 43.61310338));;Maize;DKC4590;WW;1
8/DZ_PG_02/ZM4356/WW/1/DIA2017-05-19;Plot;;Polygon ((3.973571147 43.61308478, 3.973601396 43.61306618, 3.973649396 43.61310739, 3.973619147 43.61312599, 3.973571147 43.61308478));;Maize;iPG007;WW;1
9/DZ_PG_16/ZM4359/WW/1/DIA2017-05-19;Plot;;Polygon ((3.973601396 43.61306618, 3.973631645 43.61304758, 3.973679645 43.61308879, 3.973649396 43.61310739, 3.973601396 43.61306618));;Maize;iPG109;WW;1
10/DZ_PG_48/ZM4421/WW/1/DIA2017-05-19;Plot;;Polygon ((3.973631645 43.61304758, 3.973661894 43.61302898, 3.973709895 43.61307019, 3.973679645 43.61308879, 3.973631645 43.61304758));;Maize;iPG216;WW;1
11/DZ_PG_25/ZM4382/WW/1/DIA2017-05-19;Plot;;Polygon ((3.973661894 43.61302898, 3.973692143 43.61301038, 3.973740144 43.61305159, 3.973709895 43.61307019, 3.973661894 43.61302898));;Maize;iPG136;WW;1
12/DZ_PG_10/ZM4365/WW/1/DIA2017-05-19;Plot;;Polygon ((3.973692143 43.61301038, 3.973722392 43.61299178, 3.973770393 43.61303299, 3.973740144 43.61305159, 3.973692143 43.61301038));;Maize;iPG073;WW;1
13/DZ_PG_24/ZM4342/WW/1/DIA2017-05-19;Plot;;Polygon ((3.973722392 43.61299178, 3.973752641 43.61297318, 3.973800642 43.61301439, 3.973770393 43.61303299, 3.973722392 43.61299178));;Maize;iPG131;WW;1
14/DZ_PG_22/ZM4349/WW/1/DIA2017-05-19;Plot;;Polygon ((3.973674392 43.61295057, 3.973704641 43.61293197, 3.973752641 43.61297318, 3.973722392 43.61299178, 3.973674392 43.61295057));;Maize;iPG121;WW;1
15/DZ_PG_54/ZM4346/WW/1/DIA2017-05-19;Plot;;Polygon ((3.973644143 43.61296917, 3.973674392 43.61295057, 3.973722392 43.61299178, 3.973692143 43.61301038, 3.973644143 43.61296917));;Maize;iPG116;WW;1
16/DZ_PG_62/ZM4393/WW/1/DIA2017-05-19;Plot;;Polygon ((3.973613894 43.61298777, 3.973644143 43.61296917, 3.973692143 43.61301038, 3.973661894 43.61302898, 3.973613894 43.61298777));;Maize;iPG303;WW;1
17/DZ_PG_37/ZM4364/WW/1/DIA2017-05-19;Plot;;Polygon ((3.973583644 43.61300637, 3.973613894 43.61298777, 3.973661894 43.61302898, 3.973631645 43.61304758, 3.973583644 43.61300637));;Maize;iPG167;WW;1
18/DZ_PG_53/ZM4345/WW/1/DIA2017-05-19;Plot;;Polygon ((3.973553395 43.61302497, 3.973583644 43.61300637, 3.973631645 43.61304758, 3.973601396 43.61306618, 3.973553395 43.61302497));;Maize;iPG190;WW;1
19/DZ_PG_69/ZM4396/WW/1/DIA2017-05-19;Plot;;Polygon ((3.973523146 43.61304357, 3.973553395 43.61302497, 3.973601396 43.61306618, 3.973571147 43.61308478, 3.973523146 43.61304357));;Maize;iPG312;WW;1
20/DKC4590/XXXX/WW/1/DIA2017-05-19;Plot;;Polygon ((3.973492897 43.61306217, 3.973523146 43.61304357, 3.973571147 43.61308478, 3.973540897 43.61310338, 3.973492897 43.61306217));;Maize;DKC4590;WW;1
21/DZ_PG_26/ZM4387/WW/1/DIA2017-05-19;Plot;;Polygon ((3.973462648 43.61308078, 3.973492897 43.61306217, 3.973540897 43.61310338, 3.973510648 43.61312198, 3.973462648 43.61308078));;Maize;iPG138;WW;1
22/DZ_PG_50/ZM4363/WW/1/DIA2017-05-19;Plot;;Polygon ((3.973432398 43.61309938, 3.973462648 43.61308078, 3.973510648 43.61312198, 3.973480399 43.61314058, 3.973432398 43.61309938));;Maize;iPG233;WW;1
23/DZ_PG_08/ZM4343/WW/1/DIA2017-05-19;Plot;;Polygon ((3.973402149 43.61311798, 3.973432398 43.61309938, 3.973480399 43.61314058, 3.973450149 43.61315919, 3.973402149 43.61311798));;Maize;iPG063;WW;1
24/DZ_PG_19/ZM4367/WW/1/DIA2017-05-19;Plot;;Polygon ((3.9733719 43.61313658, 3.973402149 43.61311798, 3.973450149 43.61315919, 3.9734199 43.61317779, 3.9733719 43.61313658));;Maize;iPG117;WW;1
25/DZ_PG_51/ZM4350/WW/1/DIA2017-05-19;Plot;;Polygon ((3.97334165 43.61315518, 3.9733719 43.61313658, 3.9734199 43.61317779, 3.973389651 43.61319639, 3.97334165 43.61315518));;Maize;iPG234;WW;1
26/DZ_PG_12/ZM1304_lot1/WW/1/DIA2017-05-19;Plot;;Polygon ((3.973311401 43.61317378, 3.97334165 43.61315518, 3.973389651 43.61319639, 3.973359402 43.61321499, 3.973311401 43.61317378));;Maize;iPG082;WW;1
27/DZ_PG_74/ZM4397/WW/1/DIA2017-05-19;Plot;;Polygon ((3.973263401 43.61313257, 3.97329365 43.61311397, 3.97334165 43.61315518, 3.973311401 43.61317378, 3.973263401 43.61313257));;Maize;iPG313;WW;1
28/DZ_PG_72/ZM4398/WW/1/DIA2017-05-19;Plot;;Polygon ((3.97329365 43.61311397, 3.973323899 43.61309537, 3.9733719 43.61313658, 3.97334165 43.61315518, 3.97329365 43.61311397));;Maize;iPG314;WW;1
29/DZ_PG_47/ZM4362/WW/1/DIA2017-05-19;Plot;;Polygon ((3.973323899 43.61309537, 3.973354149 43.61307677, 3.973402149 43.61311798, 3.9733719 43.61313658, 3.973323899 43.61309537));;Maize;iPG202;WW;1
30/DZ_PG_04/ZM4366/WW/1/DIA2017-05-19;Plot;;Polygon ((3.973354149 43.61307677, 3.973384398 43.61305817, 3.973432398 43.61309938, 3.973402149 43.61311798, 3.973354149 43.61307677));;Maize;iPG321;WW;1
31/DZ_PG_62/ZM4393/WW/1/DIA2017-05-19;Plot;;Polygon ((3.973384398 43.61305817, 3.973414647 43.61303957, 3.973462648 43.61308078, 3.973432398 43.61309938, 3.973384398 43.61305817));;Maize;iPG303;WW;1
32/DZ_PG_03/ZM4377/WW/1/DIA2017-05-19;Plot;;Polygon ((3.973414647 43.61303957, 3.973444896 43.61302097, 3.973492897 43.61306217, 3.973462648 43.61308078, 3.973414647 43.61303957));;Maize;iPG017;WW;1
33/DZ_PG_40/ZM4390/WW/1/DIA2017-05-19;Plot;;Polygon ((3.973444896 43.61302097, 3.973475146 43.61300237, 3.973523146 43.61304357, 3.973492897 43.61306217, 3.973444896 43.61302097));;Maize;iPG176;WW;1
34/DZ_PG_14/ZM4375/WW/1/DIA2017-05-19;Plot;;Polygon ((3.973475146 43.61300237, 3.973505395 43.61298376, 3.973553395 43.61302497, 3.973523146 43.61304357, 3.973475146 43.61300237));;Maize;iPG101;WW;1
35/DZ_PG_33/ZM4353/WW/1/DIA2017-05-19;Plot;;Polygon ((3.973505395 43.61298376, 3.973535644 43.61296516, 3.973583644 43.61300637, 3.973553395 43.61302497, 3.973505395 43.61298376));;Maize;iPG158;WW;1
36/DZ_PG_17/ZM4348/WW/1/DIA2017-05-19;Plot;;Polygon ((3.973535644 43.61296516, 3.973565893 43.61294656, 3.973613894 43.61298777, 3.973583644 43.61300637, 3.973535644 43.61296516));;Maize;iPG110;WW;1
37/DZ_PG_43/ZM4380/WW/1/DIA2017-05-19;Plot;;Polygon ((3.973565893 43.61294656, 3.973596142 43.61292796, 3.973644143 43.61296917, 3.973613894 43.61298777, 3.973565893 43.61294656));;Maize;iPG188;WW;1
38/DZ_PG_21/ZM4360/WW/1/DIA2017-05-19;Plot;;Polygon ((3.973596142 43.61292796, 3.973626391 43.61290936, 3.973674392 43.61295057, 3.973644143 43.61296917, 3.973596142 43.61292796));;Maize;iPG120;WW;1
39/DZ_PG_23/ZM4388/WW/1/DIA2017-05-19;Plot;;Polygon ((3.973626391 43.61290936, 3.97365664 43.61289076, 3.973704641 43.61293197, 3.973674392 43.61295057, 3.973626391 43.61290936));;Maize;iPG128;WW;1
40/DZ_PG_09/ZM4368/WW/1/DIA2017-05-19;Plot;;Polygon ((3.973578391 43.61286815, 3.97360864 43.61284955, 3.97365664 43.61289076, 3.973626391 43.61290936, 3.973578391 43.61286815));;Maize;iPG066;WW;1
41/DZ_PG_01/ZM4381/WW/1/DIA2017-05-19;Plot;;Polygon ((3.973548142 43.61288675, 3.973578391 43.61286815, 3.973626391 43.61290936, 3.973596142 43.61292796, 3.973548142 43.61288675));;Maize;iPG004;WW;1
42/DZ_PG_68/ZM4395/WW/1/DIA2017-05-19;Plot;;Polygon ((3.973517893 43.61290535, 3.973548142 43.61288675, 3.973596142 43.61292796, 3.973565893 43.61294656, 3.973517893 43.61290535));;Maize;iPG311;WW;1
43/DZ_PG_39/ZM4371/WW/1/DIA2017-05-19;Plot;;Polygon ((3.973487644 43.61292396, 3.973517893 43.61290535, 3.973565893 43.61294656, 3.973535644 43.61296516, 3.973487644 43.61292396));;Maize;iPG173;WW;1
44/DZ_PG_34/ZM4384/WW/1/DIA2017-05-19;Plot;;Polygon ((3.973457394 43.61294256, 3.973487644 43.61292396, 3.973535644 43.61296516, 3.973505395 43.61298376, 3.973457394 43.61294256));;Maize;iPG159;WW;1
45/DKC4590/XXXX/WW/1/DIA2017-05-19;Plot;;Polygon ((3.973427145 43.61296116, 3.973457394 43.61294256, 3.973505395 43.61298376, 3.973475146 43.61300237, 3.973427145 43.61296116));;Maize;DKC4590;WW;1
46/DKC4590/XXXX/WW/1/DIA2017-05-19;Plot;;Polygon ((3.973396896 43.61297976, 3.973427145 43.61296116, 3.973475146 43.61300237, 3.973444896 43.61302097, 3.973396896 43.61297976));;Maize;DKC4590;WW;1
47/DZ_PG_36/ZM4372/WW/1/DIA2017-05-19;Plot;;Polygon ((3.973366647 43.61299836, 3.973396896 43.61297976, 3.973444896 43.61302097, 3.973414647 43.61303957, 3.973366647 43.61299836));;Maize;iPG165;WW;1
48/DZ_PG_41/ZM4378/WW/1/DIA2017-05-19;Plot;;Polygon ((3.973336398 43.61301696, 3.973366647 43.61299836, 3.973414647 43.61303957, 3.973384398 43.61305817, 3.973336398 43.61301696));;Maize;iPG181;WW;1
49/DZ_PG_07/ZM4351/WW/1/DIA2017-05-19;Plot;;Polygon ((3.973306148 43.61303556, 3.973336398 43.61301696, 3.973384398 43.61305817, 3.973354149 43.61307677, 3.973306148 43.61303556));;Maize;iPG062;WW;1
50/DZ_PG_62/ZM4393/WW/1/DIA2017-05-19;Plot;;Polygon ((3.973275899 43.61305416, 3.973306148 43.61303556, 3.973354149 43.61307677, 3.973323899 43.61309537, 3.973275899 43.61305416));;Maize;iPG303;WW;1
51/DZ_PG_52/ZM4370/WW/1/DIA2017-05-19;Plot;;Polygon ((3.97324565 43.61307276, 3.973275899 43.61305416, 3.973323899 43.61309537, 3.97329365 43.61311397, 3.97324565 43.61307276));;Maize;iPG239;WW;1
52/DZ_PG_55/ZM4355/WW/1/DIA2017-05-19;Plot;;Polygon ((3.9732154 43.61309136, 3.97324565 43.61307276, 3.97329365 43.61311397, 3.973263401 43.61313257, 3.9732154 43.61309136));;Maize;iPG146;WW;1
53/DZ_PG_13/ZM4379/WW/1/DIA2017-05-19;Plot;;Polygon ((3.9731674 43.61305015, 3.973197649 43.61303155, 3.97324565 43.61307276, 3.9732154 43.61309136, 3.9731674 43.61305015));;Maize;iPG089;WW;1
54/DZ_PG_45/ZM4385/WW/1/DIA2017-05-19;Plot;;Polygon ((3.973197649 43.61303155, 3.973227899 43.61301295, 3.973275899 43.61305416, 3.97324565 43.61307276, 3.973197649 43.61303155));;Maize;iPG194;WW;1
55/DZ_PG_11/ZM4386/WW/1/DIA2017-05-19;Plot;;Polygon ((3.973227899 43.61301295, 3.973258148 43.61299435, 3.973306148 43.61303556, 3.973275899 43.61305416, 3.973227899 43.61301295));;Maize;iPG077;WW;1
56/DZ_PG_05/ZM4357/WW/1/DIA2017-05-19;Plot;;Polygon ((3.973258148 43.61299435, 3.973288397 43.61297575, 3.973336398 43.61301696, 3.973306148 43.61303556, 3.973258148 43.61299435));;Maize;iPG026;WW;1
57/DZ_PG_27/ZM4354/WW/1/DIA2017-05-19;Plot;;Polygon ((3.973288397 43.61297575, 3.973318647 43.61295715, 3.973366647 43.61299836, 3.973336398 43.61301696, 3.973288397 43.61297575));;Maize;iPG103;WW;1
58/DZ_PG_35/ZM4358/WW/1/DIA2017-05-19;Plot;;Polygon ((3.973318647 43.61295715, 3.973348896 43.61293855, 3.973396896 43.61297976, 3.973366647 43.61299836, 3.973318647 43.61295715));;Maize;iPG164;WW;1
59/DZ_PG_44/ZM4369/WW/1/DIA2017-05-19;Plot;;Polygon ((3.973348896 43.61293855, 3.973379145 43.61291995, 3.973427145 43.61296116, 3.973396896 43.61297976, 3.973348896 43.61293855));;Maize;iPG189;WW;1
60/DZ_PG_32/ZM4352/WW/1/DIA2017-05-19;Plot;;Polygon ((3.973379145 43.61291995, 3.973409394 43.61290135, 3.973457394 43.61294256, 3.973427145 43.61296116, 3.973379145 43.61291995));;Maize;iPG155;WW;1
61/DZ_PG_31/ZM4347/WW/1/DIA2017-05-19;Plot;;Polygon ((3.973409394 43.61290135, 3.973439643 43.61288275, 3.973487644 43.61292396, 3.973457394 43.61294256, 3.973409394 43.61290135));;Maize;iPG153;WW;1
62/DZ_PG_63/ZM4392/WW/1/DIA2017-05-19;Plot;;Polygon ((3.973439643 43.61288275, 3.973469892 43.61286415, 3.973517893 43.61290535, 3.973487644 43.61292396, 3.973439643 43.61288275));;Maize;iPG304;WW;1
63/DZ_PG_06/ZM4376/WW/1/DIA2017-05-19;Plot;;Polygon ((3.973469892 43.61286415, 3.973500142 43.61284555, 3.973548142 43.61288675, 3.973517893 43.61290535, 3.973469892 43.61286415));;Maize;iPG029;WW;1
64/DZ_PG_67/ZM4394/WW/1/DIA2017-05-19;Plot;;Polygon ((3.973500142 43.61284555, 3.973530391 43.61282694, 3.973578391 43.61286815, 3.973548142 43.61288675, 3.973500142 43.61284555));;Maize;iPG310;WW;1
65/DZ_PG_46/ZM4374/WW/1/DIA2017-05-19;Plot;;Polygon ((3.973530391 43.61282694, 3.97356064 43.61280834, 3.97360864 43.61284955, 3.973578391 43.61286815, 3.973530391 43.61282694));;Maize;iPG195;WW;1
66/DZ_PG_26/ZM4387/WW/2/DIA2017-05-19;Plot;;Polygon ((3.973813165 43.61293598, 3.973843415 43.61291738, 3.973891412 43.61295859, 3.973861162 43.61297719, 3.973813165 43.61293598));;Maize;iPG138;WW;2
67/DZ_PG_55/ZM4355/WW/2/DIA2017-05-19;Plot;;Polygon ((3.973843415 43.61291738, 3.973873665 43.61289878, 3.973921663 43.61293999, 3.973891412 43.61295859, 3.973843415 43.61291738));;Maize;iPG146;WW;2
68/DZ_PG_03/ZM4377/WW/2/DIA2017-05-19;Plot;;Polygon ((3.973873665 43.61289878, 3.973903916 43.61288018, 3.973951913 43.61292139, 3.973921663 43.61293999, 3.973873665 43.61289878));;Maize;iPG017;WW;2
69/DZ_PG_32/ZM4352/WW/2/DIA2017-05-19;Plot;;Polygon ((3.973903916 43.61288018, 3.973934166 43.61286158, 3.973982164 43.61290279, 3.973951913 43.61292139, 3.973903916 43.61288018));;Maize;iPG155;WW;2
70/DZ_PG_43/ZM4380/WW/2/DIA2017-05-19;Plot;;Polygon ((3.973934166 43.61286158, 3.973964417 43.61284298, 3.974012414 43.61288419, 3.973982164 43.61290279, 3.973934166 43.61286158));;Maize;iPG188;WW;2
71/DZ_PG_12/ZM1304_lot1/WW/2/DIA2017-05-19;Plot;;Polygon ((3.973964417 43.61284298, 3.973994667 43.61282438, 3.974042665 43.61286559, 3.974012414 43.61288419, 3.973964417 43.61284298));;Maize;iPG082;WW;2
72/DZ_PG_39/ZM4371/WW/2/DIA2017-05-19;Plot;;Polygon ((3.973994667 43.61282438, 3.974024917 43.61280578, 3.974072915 43.61284699, 3.974042665 43.61286559, 3.973994667 43.61282438));;Maize;iPG173;WW;2
73/DZ_PG_17/ZM4348/WW/2/DIA2017-05-19;Plot;;Polygon ((3.974024917 43.61280578, 3.974055168 43.61278718, 3.974103165 43.61282839, 3.974072915 43.61284699, 3.974024917 43.61280578));;Maize;iPG110;WW;2
74/DZ_PG_20/ZM4344/WW/2/DIA2017-05-19;Plot;;Polygon ((3.974055168 43.61278718, 3.974085418 43.61276858, 3.974133415 43.61280979, 3.974103165 43.61282839, 3.974055168 43.61278718));;Maize;iPG119;WW;2
75/DZ_PG_69/ZM4396/WW/2/DIA2017-05-19;Plot;;Polygon ((3.974085418 43.61276858, 3.974115668 43.61274998, 3.974163666 43.61279119, 3.974133415 43.61280979, 3.974085418 43.61276858));;Maize;iPG312;WW;2
76/DZ_PG_31/ZM4347/WW/2/DIA2017-05-19;Plot;;Polygon ((3.974115668 43.61274998, 3.974145919 43.61273138, 3.974193916 43.6127726, 3.974163666 43.61279119, 3.974115668 43.61274998));;Maize;iPG153;WW;2
77/DZ_PG_37/ZM4364/WW/2/DIA2017-05-19;Plot;;Polygon ((3.974145919 43.61273138, 3.974176169 43.61271279, 3.974224166 43.612754, 3.974193916 43.6127726, 3.974145919 43.61273138));;Maize;iPG167;WW;2
78/DZ_PG_40/ZM4390/WW/2/DIA2017-05-19;Plot;;Polygon ((3.974176169 43.61271279, 3.974206419 43.61269419, 3.974254417 43.6127354, 3.974224166 43.612754, 3.974176169 43.61271279));;Maize;iPG176;WW;2
79/DZ_PG_50/ZM4363/WW/2/DIA2017-05-19;Plot;;Polygon ((3.974128171 43.61267157, 3.974158422 43.61265298, 3.974206419 43.61269419, 3.974176169 43.61271279, 3.974128171 43.61267157));;Maize;iPG233;WW;2
80/DZ_PG_68/ZM4395/WW/2/DIA2017-05-19;Plot;;Polygon ((3.974097921 43.61269017, 3.974128171 43.61267157, 3.974176169 43.61271279, 3.974145919 43.61273138, 3.974097921 43.61269017));;Maize;iPG311;WW;2
81/DZ_PG_10/ZM4365/WW/2/DIA2017-05-19;Plot;;Polygon ((3.974067671 43.61270877, 3.974097921 43.61269017, 3.974145919 43.61273138, 3.974115668 43.61274998, 3.974067671 43.61270877));;Maize;iPG073;WW;2
82/DZ_PG_54/ZM4346/WW/2/DIA2017-05-19;Plot;;Polygon ((3.974037421 43.61272737, 3.974067671 43.61270877, 3.974115668 43.61274998, 3.974085418 43.61276858, 3.974037421 43.61272737));;Maize;iPG116;WW;2
83/DZ_PG_36/ZM4372/WW/2/DIA2017-05-19;Plot;;Polygon ((3.97400717 43.61274597, 3.974037421 43.61272737, 3.974085418 43.61276858, 3.974055168 43.61278718, 3.97400717 43.61274597));;Maize;iPG165;WW;2
84/DZ_PG_67/ZM4394/WW/2/DIA2017-05-19;Plot;;Polygon ((3.97397692 43.61276457, 3.97400717 43.61274597, 3.974055168 43.61278718, 3.974024917 43.61280578, 3.97397692 43.61276457));;Maize;iPG310;WW;2
85/DKC4590/XXXX/WW/2/DIA2017-05-19;Plot;;Polygon ((3.97394667 43.61278317, 3.97397692 43.61276457, 3.974024917 43.61280578, 3.973994667 43.61282438, 3.97394667 43.61278317));;Maize;DKC4590;WW;2
86/DKC4590/XXXX/WW/2/DIA2017-05-19;Plot;;Polygon ((3.973916419 43.61280177, 3.97394667 43.61278317, 3.973994667 43.61282438, 3.973964417 43.61284298, 3.973916419 43.61280177));;Maize;DKC4590;WW;2
87/DZ_PG_47/ZM4362/WW/2/DIA2017-05-19;Plot;;Polygon ((3.973886169 43.61282037, 3.973916419 43.61280177, 3.973964417 43.61284298, 3.973934166 43.61286158, 3.973886169 43.61282037));;Maize;iPG202;WW;2
88/DZ_PG_67/ZM4394/WW/2/DIA2017-05-19;Plot;;Polygon ((3.973855918 43.61283897, 3.973886169 43.61282037, 3.973934166 43.61286158, 3.973903916 43.61288018, 3.973855918 43.61283897));;Maize;iPG310;WW;2
89/DZ_PG_22/ZM4349/WW/2/DIA2017-05-19;Plot;;Polygon ((3.973825668 43.61285757, 3.973855918 43.61283897, 3.973903916 43.61288018, 3.973873665 43.61289878, 3.973825668 43.61285757));;Maize;iPG121;WW;2
90/DZ_PG_35/ZM4358/WW/2/DIA2017-05-19;Plot;;Polygon ((3.973795418 43.61287617, 3.973825668 43.61285757, 3.973873665 43.61289878, 3.973843415 43.61291738, 3.973795418 43.61287617));;Maize;iPG164;WW;2
91/DZ_PG_49/ZM4389/WW/2/DIA2017-05-19;Plot;;Polygon ((3.973765167 43.61289477, 3.973795418 43.61287617, 3.973843415 43.61291738, 3.973813165 43.61293598, 3.973765167 43.61289477));;Maize;iPG228;WW;2
92/DZ_PG_53/ZM4345/WW/2/DIA2017-05-19;Plot;;Polygon ((3.97371717 43.61285356, 3.97374742 43.61283496, 3.973795418 43.61287617, 3.973765167 43.61289477, 3.97371717 43.61285356));;Maize;iPG190;WW;2
93/DZ_PG_41/ZM4378/WW/2/DIA2017-05-19;Plot;;Polygon ((3.97374742 43.61283496, 3.973777671 43.61281636, 3.973825668 43.61285757, 3.973795418 43.61287617, 3.97374742 43.61283496));;Maize;iPG181;WW;2
94/DZ_PG_21/ZM4360/WW/2/DIA2017-05-19;Plot;;Polygon ((3.973777671 43.61281636, 3.973807921 43.61279776, 3.973855918 43.61283897, 3.973825668 43.61285757, 3.973777671 43.61281636));;Maize;iPG120;WW;2
95/DZ_PG_51/ZM4350/WW/2/DIA2017-05-19;Plot;;Polygon ((3.973807921 43.61279776, 3.973838171 43.61277916, 3.973886169 43.61282037, 3.973855918 43.61283897, 3.973807921 43.61279776));;Maize;iPG234;WW;2
96/DZ_PG_27/ZM4354/WW/2/DIA2017-05-19;Plot;;Polygon ((3.973838171 43.61277916, 3.973868422 43.61276056, 3.973916419 43.61280177, 3.973886169 43.61282037, 3.973838171 43.61277916));;Maize;iPG103;WW;2
97/DZ_PG_45/ZM4385/WW/2/DIA2017-05-19;Plot;;Polygon ((3.973868422 43.61276056, 3.973898672 43.61274196, 3.97394667 43.61278317, 3.973916419 43.61280177, 3.973868422 43.61276056));;Maize;iPG194;WW;2
98/DKC4590/XXXX/WW/2/DIA2017-05-19;Plot;;Polygon ((3.973898672 43.61274196, 3.973928923 43.61272336, 3.97397692 43.61276457, 3.97394667 43.61278317, 3.973898672 43.61274196));;Maize;DKC4590;WW;2
99/DZ_PG_30/ZM4361/WW/2/DIA2017-05-19;Plot;;Polygon ((3.973928923 43.61272336, 3.973959173 43.61270476, 3.97400717 43.61274597, 3.97397692 43.61276457, 3.973928923 43.61272336));;Maize;iPG152;WW;2
100/DZ_PG_16/ZM4359/WW/2/DIA2017-05-19;Plot;;Polygon ((3.973959173 43.61270476, 3.973989423 43.61268616, 3.974037421 43.61272737, 3.97400717 43.61274597, 3.973959173 43.61270476));;Maize;iPG109;WW;2
101/DZ_PG_11/ZM4386/WW/2/DIA2017-05-19;Plot;;Polygon ((3.973989423 43.61268616, 3.974019673 43.61266756, 3.974067671 43.61270877, 3.974037421 43.61272737, 3.973989423 43.61268616));;Maize;iPG077;WW;2
102/DZ_PG_13/ZM4379/WW/2/DIA2017-05-19;Plot;;Polygon ((3.974019673 43.61266756, 3.974049924 43.61264896, 3.974097921 43.61269017, 3.974067671 43.61270877, 3.974019673 43.61266756));;Maize;iPG089;WW;2
103/DZ_PG_48/ZM4421/WW/2/DIA2017-05-19;Plot;;Polygon ((3.974049924 43.61264896, 3.974080174 43.61263036, 3.974128171 43.61267157, 3.974097921 43.61269017, 3.974049924 43.61264896));;Maize;iPG216;WW;2
104/DZ_PG_14/ZM4375/WW/2/DIA2017-05-19;Plot;;Polygon ((3.974080174 43.61263036, 3.974110424 43.61261176, 3.974158422 43.61265298, 3.974128171 43.61267157, 3.974080174 43.61263036));;Maize;iPG101;WW;2
105/DZ_PG_02/ZM4356/WW/2/DIA2017-05-19;Plot;;Polygon ((3.974032177 43.61258915, 3.974062427 43.61257055, 3.974110424 43.61261176, 3.974080174 43.61263036, 3.974032177 43.61258915));;Maize;iPG007;WW;2
106/DZ_PG_24/ZM4342/WW/2/DIA2017-05-19;Plot;;Polygon ((3.974001926 43.61260775, 3.974032177 43.61258915, 3.974080174 43.61263036, 3.974049924 43.61264896, 3.974001926 43.61260775));;Maize;iPG131;WW;2
107/DZ_PG_52/ZM4370/WW/2/DIA2017-05-19;Plot;;Polygon ((3.973971676 43.61262635, 3.974001926 43.61260775, 3.974049924 43.61264896, 3.974019673 43.61266756, 3.973971676 43.61262635));;Maize;iPG239;WW;2
108/DZ_PG_34/ZM4384/WW/2/DIA2017-05-19;Plot;;Polygon ((3.973941426 43.61264495, 3.973971676 43.61262635, 3.974019673 43.61266756, 3.973989423 43.61268616, 3.973941426 43.61264495));;Maize;iPG159;WW;2
109/DZ_PG_46/ZM4374/WW/2/DIA2017-05-19;Plot;;Polygon ((3.973911176 43.61266355, 3.973941426 43.61264495, 3.973989423 43.61268616, 3.973959173 43.61270476, 3.973911176 43.61266355));;Maize;iPG195;WW;2
110/DKC4590/XXXX/WW/2/DIA2017-05-19;Plot;;Polygon ((3.973880925 43.61268215, 3.973911176 43.61266355, 3.973959173 43.61270476, 3.973928923 43.61272336, 3.973880925 43.61268215));;Maize;DKC4590;WW;2
111/DKC4590/XXXX/WW/2/DIA2017-05-19;Plot;;Polygon ((3.973850675 43.61270075, 3.973880925 43.61268215, 3.973928923 43.61272336, 3.973898672 43.61274196, 3.973850675 43.61270075));;Maize;DKC4590;WW;2
112/DZ_PG_63/ZM4392/WW/2/DIA2017-05-19;Plot;;Polygon ((3.973820425 43.61271935, 3.973850675 43.61270075, 3.973898672 43.61274196, 3.973868422 43.61276056, 3.973820425 43.61271935));;Maize;iPG304;WW;2
113/DZ_PG_06/ZM4376/WW/2/DIA2017-05-19;Plot;;Polygon ((3.973790174 43.61273795, 3.973820425 43.61271935, 3.973868422 43.61276056, 3.973838171 43.61277916, 3.973790174 43.61273795));;Maize;iPG029;WW;2
114/DZ_PG_33/ZM4353/WW/2/DIA2017-05-19;Plot;;Polygon ((3.973759924 43.61275655, 3.973790174 43.61273795, 3.973838171 43.61277916, 3.973807921 43.61279776, 3.973759924 43.61275655));;Maize;iPG158;WW;2
115/DZ_PG_09/ZM4368/WW/2/DIA2017-05-19;Plot;;Polygon ((3.973729673 43.61277515, 3.973759924 43.61275655, 3.973807921 43.61279776, 3.973777671 43.61281636, 3.973729673 43.61277515));;Maize;iPG066;WW;2
116/DZ_PG_08/ZM4343/WW/2/DIA2017-05-19;Plot;;Polygon ((3.973699423 43.61279375, 3.973729673 43.61277515, 3.973777671 43.61281636, 3.97374742 43.61283496, 3.973699423 43.61279375));;Maize;iPG063;WW;2
117/DZ_PG_23/ZM4388/WW/2/DIA2017-05-19;Plot;;Polygon ((3.973669173 43.61281234, 3.973699423 43.61279375, 3.97374742 43.61283496, 3.97371717 43.61285356, 3.973669173 43.61281234));;Maize;iPG128;WW;2
118/DZ_PG_74/ZM4397/WW/2/DIA2017-05-19;Plot;;Polygon ((3.973621175 43.61277113, 3.973651426 43.61275253, 3.973699423 43.61279375, 3.973669173 43.61281234, 3.973621175 43.61277113));;Maize;iPG313;WW;2
119/DZ_PG_62/ZM4393/WW/2/DIA2017-05-19;Plot;;Polygon ((3.973651426 43.61275253, 3.973681676 43.61273393, 3.973729673 43.61277515, 3.973699423 43.61279375, 3.973651426 43.61275253));;Maize;iPG303;WW;2
120/DZ_PG_62/ZM4393/WW/2/DIA2017-05-19;Plot;;Polygon ((3.973681676 43.61273393, 3.973711927 43.61271534, 3.973759924 43.61275655, 3.973729673 43.61277515, 3.973681676 43.61273393));;Maize;iPG303;WW;2
121/DZ_PG_19/ZM4367/WW/2/DIA2017-05-19;Plot;;Polygon ((3.973711927 43.61271534, 3.973742177 43.61269674, 3.973790174 43.61273795, 3.973759924 43.61275655, 3.973711927 43.61271534));;Maize;iPG117;WW;2
122/DZ_PG_72/ZM4398/WW/2/DIA2017-05-19;Plot;;Polygon ((3.973742177 43.61269674, 3.973772427 43.61267814, 3.973820425 43.61271935, 3.973790174 43.61273795, 3.973742177 43.61269674));;Maize;iPG314;WW;2
123/DZ_PG_07/ZM4351/WW/2/DIA2017-05-19;Plot;;Polygon ((3.973772427 43.61267814, 3.973802678 43.61265954, 3.973850675 43.61270075, 3.973820425 43.61271935, 3.973772427 43.61267814));;Maize;iPG062;WW;2
124/DZ_PG_01/ZM4381/WW/2/DIA2017-05-19;Plot;;Polygon ((3.973802678 43.61265954, 3.973832928 43.61264094, 3.973880925 43.61268215, 3.973850675 43.61270075, 3.973802678 43.61265954));;Maize;iPG004;WW;2
125/DZ_PG_44/ZM4369/WW/2/DIA2017-05-19;Plot;;Polygon ((3.973832928 43.61264094, 3.973863178 43.61262234, 3.973911176 43.61266355, 3.973880925 43.61268215, 3.973832928 43.61264094));;Maize;iPG189;WW;2
126/DZ_PG_62/ZM4393/WW/2/DIA2017-05-19;Plot;;Polygon ((3.973863178 43.61262234, 3.973893429 43.61260374, 3.973941426 43.61264495, 3.973911176 43.61266355, 3.973863178 43.61262234));;Maize;iPG303;WW;2
127/DZ_PG_25/ZM4382/WW/2/DIA2017-05-19;Plot;;Polygon ((3.973893429 43.61260374, 3.973923679 43.61258514, 3.973971676 43.61262635, 3.973941426 43.61264495, 3.973893429 43.61260374));;Maize;iPG136;WW;2
128/DZ_PG_04/ZM4366/WW/2/DIA2017-05-19;Plot;;Polygon ((3.973923679 43.61258514, 3.973953929 43.61256654, 3.974001926 43.61260775, 3.973971676 43.61262635, 3.973923679 43.61258514));;Maize;iPG321;WW;2
129/DZ_PG_66/ZM4391/WW/2/DIA2017-05-19;Plot;;Polygon ((3.973953929 43.61256654, 3.973984179 43.61254794, 3.974032177 43.61258915, 3.974001926 43.61260775, 3.973953929 43.61256654));;Maize;iPG318;WW;2
130/DZ_PG_05/ZM4357/WW/2/DIA2017-05-19;Plot;;Polygon ((3.973984179 43.61254794, 3.974014429 43.61252934, 3.974062427 43.61257055, 3.974032177 43.61258915, 3.973984179 43.61254794));;Maize;iPG026;WW;2
131/DZ_PG_40/ZM4390/WD1/1/DIA2017-05-19;Plot;;Polygon ((3.972873 43.61284, 3.972903 43.61282, 3.972951 43.61286, 3.972921 43.61288, 3.972873 43.61284));;Maize;iPG176;WD1;1
132/DZ_PG_33/ZM4353/WD1/1/DIA2017-05-19;Plot;;Polygon ((3.972903 43.61282, 3.972934 43.6128, 3.972982 43.61285, 3.972951 43.61286, 3.972903 43.61282));;Maize;iPG158;WD1;1
133/DZ_PG_12/ZM1304_lot1/WD1/1/DIA2017-05-19;Plot;;Polygon ((3.972934 43.6128, 3.972964 43.61279, 3.973012 43.61283, 3.972982 43.61285, 3.972934 43.6128));;Maize;iPG082;WD1;1
134/DZ_PG_53/ZM4345/WD1/1/DIA2017-05-19;Plot;;Polygon ((3.972964 43.61279, 3.972994 43.61277, 3.973042 43.61281, 3.973012 43.61283, 3.972964 43.61279));;Maize;iPG190;WD1;1
135/DZ_PG_48/ZM4421/WD1/1/DIA2017-05-19;Plot;;Polygon ((3.972994 43.61277, 3.973024 43.61275, 3.973072 43.61279, 3.973042 43.61281, 3.972994 43.61277));;Maize;iPG216;WD1;1
136/DZ_PG_72/ZM4398/WD1/1/DIA2017-05-19;Plot;;Polygon ((3.973024 43.61275, 3.973055 43.61273, 3.973103 43.61277, 3.973072 43.61279, 3.973024 43.61275));;Maize;iPG314;WD1;1
137/DZ_PG_09/ZM4368/WD1/1/DIA2017-05-19;Plot;;Polygon ((3.973055 43.61273, 3.973085 43.61271, 3.973133 43.61275, 3.973103 43.61277, 3.973055 43.61273));;Maize;iPG066;WD1;1
138/DZ_PG_31/ZM4347/WD1/1/DIA2017-05-19;Plot;;Polygon ((3.973085 43.61271, 3.973115 43.61269, 3.973163 43.61273, 3.973133 43.61275, 3.973085 43.61271));;Maize;iPG153;WD1;1
139/DZ_PG_74/ZM4397/WD1/1/DIA2017-05-19;Plot;;Polygon ((3.973115 43.61269, 3.973145 43.61267, 3.973193 43.61272, 3.973163 43.61273, 3.973115 43.61269));;Maize;iPG313;WD1;1
140/DZ_PG_22/ZM4349/WD1/1/DIA2017-05-19;Plot;;Polygon ((3.973145 43.61267, 3.973176 43.61266, 3.973224 43.6127, 3.973193 43.61272, 3.973145 43.61267));;Maize;iPG121;WD1;1
141/DZ_PG_01/ZM4381/WD1/1/DIA2017-05-19;Plot;;Polygon ((3.973176 43.61266, 3.973206 43.61264, 3.973254 43.61268, 3.973224 43.6127, 3.973176 43.61266));;Maize;iPG004;WD1;1
142/DZ_PG_27/ZM4354/WD1/1/DIA2017-05-19;Plot;;Polygon ((3.973206 43.61264, 3.973236 43.61262, 3.973284 43.61266, 3.973254 43.61268, 3.973206 43.61264));;Maize;iPG103;WD1;1
143/DZ_PG_46/ZM4374/WD1/1/DIA2017-05-19;Plot;;Polygon ((3.973236 43.61262, 3.973266 43.6126, 3.973314 43.61264, 3.973284 43.61266, 3.973236 43.61262));;Maize;iPG195;WD1;1
144/DZ_PG_25/ZM4382/WD1/1/DIA2017-05-19;Plot;;Polygon ((3.973188 43.61258, 3.973218 43.61256, 3.973266 43.6126, 3.973236 43.61262, 3.973188 43.61258));;Maize;iPG136;WD1;1
145/DZ_PG_55/ZM4355/WD1/1/DIA2017-05-19;Plot;;Polygon ((3.973158 43.6126, 3.973188 43.61258, 3.973236 43.61262, 3.973206 43.61264, 3.973158 43.6126));;Maize;iPG146;WD1;1
146/DZ_PG_10/ZM4365/WD1/1/DIA2017-05-19;Plot;;Polygon ((3.973128 43.61261, 3.973158 43.6126, 3.973206 43.61264, 3.973176 43.61266, 3.973128 43.61261));;Maize;iPG073;WD1;1
147/DZ_PG_21/ZM4360/WD1/1/DIA2017-05-19;Plot;;Polygon ((3.973097 43.61263, 3.973128 43.61261, 3.973176 43.61266, 3.973145 43.61267, 3.973097 43.61263));;Maize;iPG120;WD1;1
148/DZ_PG_34/ZM4384/WD1/1/DIA2017-05-19;Plot;;Polygon ((3.973067 43.61265, 3.973097 43.61263, 3.973145 43.61267, 3.973115 43.61269, 3.973067 43.61265));;Maize;iPG159;WD1;1
149/DZ_PG_62/ZM4393/WD1/1/DIA2017-05-19;Plot;;Polygon ((3.973037 43.61267, 3.973067 43.61265, 3.973115 43.61269, 3.973085 43.61271, 3.973037 43.61267));;Maize;iPG303;WD1;1
150/DKC4590/XXXX/WD1/1/DIA2017-05-19;Plot;;Polygon ((3.973007 43.61269, 3.973037 43.61267, 3.973085 43.61271, 3.973055 43.61273, 3.973007 43.61269));;Maize;DKC4590;WD1;1
151/DKC4590/XXXX/WD1/1/DIA2017-05-19;Plot;;Polygon ((3.972976 43.61271, 3.973007 43.61269, 3.973055 43.61273, 3.973024 43.61275, 3.972976 43.61271));;Maize;DKC4590;WD1;1
152/DZ_PG_13/ZM4379/WD1/1/DIA2017-05-19;Plot;;Polygon ((3.972946 43.61273, 3.972976 43.61271, 3.973024 43.61275, 3.972994 43.61277, 3.972946 43.61273));;Maize;iPG089;WD1;1
153/DZ_PG_11/ZM4386/WD1/1/DIA2017-05-19;Plot;;Polygon ((3.972916 43.61275, 3.972946 43.61273, 3.972994 43.61277, 3.972964 43.61279, 3.972916 43.61275));;Maize;iPG077;WD1;1
154/DZ_PG_47/ZM4362/WD1/1/DIA2017-05-19;Plot;;Polygon ((3.972886 43.61276, 3.972916 43.61275, 3.972964 43.61279, 3.972934 43.6128, 3.972886 43.61276));;Maize;iPG202;WD1;1
155/DZ_PG_43/ZM4380/WD1/1/DIA2017-05-19;Plot;;Polygon ((3.972855 43.61278, 3.972886 43.61276, 3.972934 43.6128, 3.972903 43.61282, 3.972855 43.61278));;Maize;iPG188;WD1;1
156/DZ_PG_50/ZM4363/WD1/1/DIA2017-05-19;Plot;;Polygon ((3.972825 43.6128, 3.972855 43.61278, 3.972903 43.61282, 3.972873 43.61284, 3.972825 43.6128));;Maize;iPG233;WD1;1
157/DZ_PG_68/ZM4395/WD1/1/DIA2017-05-19;Plot;;Polygon ((3.972777 43.61276, 3.972807 43.61274, 3.972855 43.61278, 3.972825 43.6128, 3.972777 43.61276));;Maize;iPG311;WD1;1
158/DZ_PG_06/ZM4376/WD1/1/DIA2017-05-19;Plot;;Polygon ((3.972807 43.61274, 3.972838 43.61272, 3.972886 43.61276, 3.972855 43.61278, 3.972807 43.61274));;Maize;iPG029;WD1;1
159/DZ_PG_66/ZM4391/WD1/1/DIA2017-05-19;Plot;;Polygon ((3.972838 43.61272, 3.972868 43.6127, 3.972916 43.61275, 3.972886 43.61276, 3.972838 43.61272));;Maize;iPG318;WD1;1
160/DZ_PG_16/ZM4359/WD1/1/DIA2017-05-19;Plot;;Polygon ((3.972868 43.6127, 3.972898 43.61269, 3.972946 43.61273, 3.972916 43.61275, 3.972868 43.6127));;Maize;iPG109;WD1;1
161/DZ_PG_52/ZM4370/WD1/1/DIA2017-05-19;Plot;;Polygon ((3.972898 43.61269, 3.972928 43.61267, 3.972976 43.61271, 3.972946 43.61273, 3.972898 43.61269));;Maize;iPG239;WD1;1
162/DZ_PG_19/ZM4367/WD1/1/DIA2017-05-19;Plot;;Polygon ((3.972928 43.61267, 3.972959 43.61265, 3.973007 43.61269, 3.972976 43.61271, 3.972928 43.61267));;Maize;iPG117;WD1;1
163/DKC4590/XXXX/WD1/1/DIA2017-05-19;Plot;;Polygon ((3.972959 43.61265, 3.972989 43.61263, 3.973037 43.61267, 3.973007 43.61269, 3.972959 43.61265));;Maize;DKC4590;WD1;1
164/DZ_PG_17/ZM4348/WD1/1/DIA2017-05-19;Plot;;Polygon ((3.972989 43.61263, 3.973019 43.61261, 3.973067 43.61265, 3.973037 43.61267, 3.972989 43.61263));;Maize;iPG110;WD1;1
165/DZ_PG_62/ZM4393/WD1/1/DIA2017-05-19;Plot;;Polygon ((3.973019 43.61261, 3.973049 43.61259, 3.973097 43.61263, 3.973067 43.61265, 3.973019 43.61261));;Maize;iPG303;WD1;1
166/DZ_PG_02/ZM4356/WD1/1/DIA2017-05-19;Plot;;Polygon ((3.973049 43.61259, 3.97308 43.61257, 3.973128 43.61261, 3.973097 43.61263, 3.973049 43.61259));;Maize;iPG007;WD1;1
167/DZ_PG_26/ZM4387/WD1/1/DIA2017-05-19;Plot;;Polygon ((3.97308 43.61257, 3.97311 43.61256, 3.973158 43.6126, 3.973128 43.61261, 3.97308 43.61257));;Maize;iPG138;WD1;1
168/DZ_PG_51/ZM4350/WD1/1/DIA2017-05-19;Plot;;Polygon ((3.97311 43.61256, 3.97314 43.61254, 3.973188 43.61258, 3.973158 43.6126, 3.97311 43.61256));;Maize;iPG234;WD1;1
169/DZ_PG_35/ZM4358/WD1/1/DIA2017-05-19;Plot;;Polygon ((3.97314 43.61254, 3.97317 43.61252, 3.973218 43.61256, 3.973188 43.61258, 3.97314 43.61254));;Maize;iPG164;WD1;1
170/DZ_PG_37/ZM4364/WD1/1/DIA2017-05-19;Plot;;Polygon ((3.973092 43.6125, 3.973122 43.61248, 3.97317 43.61252, 3.97314 43.61254, 3.973092 43.6125));;Maize;iPG167;WD1;1
171/DZ_PG_03/ZM4377/WD1/1/DIA2017-05-19;Plot;;Polygon ((3.973062 43.61251, 3.973092 43.6125, 3.97314 43.61254, 3.97311 43.61256, 3.973062 43.61251));;Maize;iPG017;WD1;1
172/DZ_PG_08/ZM4343/WD1/1/DIA2017-05-19;Plot;;Polygon ((3.973032 43.61253, 3.973062 43.61251, 3.97311 43.61256, 3.97308 43.61257, 3.973032 43.61253));;Maize;iPG063;WD1;1
173/DZ_PG_62/ZM4393/WD1/1/DIA2017-05-19;Plot;;Polygon ((3.973001 43.61255, 3.973032 43.61253, 3.97308 43.61257, 3.973049 43.61259, 3.973001 43.61255));;Maize;iPG303;WD1;1
174/DZ_PG_05/ZM4357/WD1/1/DIA2017-05-19;Plot;;Polygon ((3.972971 43.61257, 3.973001 43.61255, 3.973049 43.61259, 3.973019 43.61261, 3.972971 43.61257));;Maize;iPG026;WD1;1
175/DKC4590/XXXX/WD1/1/DIA2017-05-19;Plot;;Polygon ((3.972941 43.61259, 3.972971 43.61257, 3.973019 43.61261, 3.972989 43.61263, 3.972941 43.61259));;Maize;DKC4590;WD1;1
176/DKC4590/XXXX/WD1/1/DIA2017-05-19;Plot;;Polygon ((3.972911 43.61261, 3.972941 43.61259, 3.972989 43.61263, 3.972959 43.61265, 3.972911 43.61261));;Maize;DKC4590;WD1;1
177/DZ_PG_23/ZM4388/WD1/1/DIA2017-05-19;Plot;;Polygon ((3.97288 43.61263, 3.972911 43.61261, 3.972959 43.61265, 3.972928 43.61267, 3.97288 43.61263));;Maize;iPG128;WD1;1
178/DZ_PG_30/ZM4361/WD1/1/DIA2017-05-19;Plot;;Polygon ((3.97285 43.61264, 3.97288 43.61263, 3.972928 43.61267, 3.972898 43.61269, 3.97285 43.61264));;Maize;iPG152;WD1;1
179/DZ_PG_69/ZM4396/WD1/1/DIA2017-05-19;Plot;;Polygon ((3.97282 43.61266, 3.97285 43.61264, 3.972898 43.61269, 3.972868 43.6127, 3.97282 43.61266));;Maize;iPG312;WD1;1
180/DZ_PG_49/ZM4389/WD1/1/DIA2017-05-19;Plot;;Polygon ((3.97279 43.61268, 3.97282 43.61266, 3.972868 43.6127, 3.972838 43.61272, 3.97279 43.61268));;Maize;iPG228;WD1;1
181/DZ_PG_45/ZM4385/WD1/1/DIA2017-05-19;Plot;;Polygon ((3.972759 43.6127, 3.97279 43.61268, 3.972838 43.61272, 3.972807 43.61274, 3.972759 43.6127));;Maize;iPG194;WD1;1
182/DZ_PG_67/ZM4394/WD1/1/DIA2017-05-19;Plot;;Polygon ((3.972729 43.61272, 3.972759 43.6127, 3.972807 43.61274, 3.972777 43.61276, 3.972729 43.61272));;Maize;iPG310;WD1;1
183/DZ_PG_45/ZM4385/WD1/1/DIA2017-05-19;Plot;;Polygon ((3.972681 43.61268, 3.972711 43.61266, 3.972759 43.6127, 3.972729 43.61272, 3.972681 43.61268));;Maize;iPG194;WD1;1
184/DZ_PG_41/ZM4378/WD1/1/DIA2017-05-19;Plot;;Polygon ((3.972711 43.61266, 3.972742 43.61264, 3.97279 43.61268, 3.972759 43.6127, 3.972711 43.61266));;Maize;iPG181;WD1;1
185/DZ_PG_32/ZM4352/WD1/1/DIA2017-05-19;Plot;;Polygon ((3.972742 43.61264, 3.972772 43.61262, 3.97282 43.61266, 3.97279 43.61268, 3.972742 43.61264));;Maize;iPG155;WD1;1
186/DZ_PG_54/ZM4346/WD1/1/DIA2017-05-19;Plot;;Polygon ((3.972772 43.61262, 3.972802 43.6126, 3.97285 43.61264, 3.97282 43.61266, 3.972772 43.61262));;Maize;iPG116;WD1;1
187/DZ_PG_24/ZM4342/WD1/1/DIA2017-05-19;Plot;;Polygon ((3.972802 43.6126, 3.972832 43.61258, 3.97288 43.61263, 3.97285 43.61264, 3.972802 43.6126));;Maize;iPG131;WD1;1
188/DZ_PG_07/ZM4351/WD1/1/DIA2017-05-19;Plot;;Polygon ((3.972832 43.61258, 3.972863 43.61257, 3.972911 43.61261, 3.97288 43.61263, 3.972832 43.61258));;Maize;iPG062;WD1;1
189/DZ_PG_67/ZM4394/WD1/1/DIA2017-05-19;Plot;;Polygon ((3.972863 43.61257, 3.972893 43.61255, 3.972941 43.61259, 3.972911 43.61261, 3.972863 43.61257));;Maize;iPG310;WD1;1
190/DZ_PG_44/ZM4369/WD1/1/DIA2017-05-19;Plot;;Polygon ((3.972893 43.61255, 3.972923 43.61253, 3.972971 43.61257, 3.972941 43.61259, 3.972893 43.61255));;Maize;iPG189;WD1;1
191/DZ_PG_63/ZM4392/WD1/1/DIA2017-05-19;Plot;;Polygon ((3.972923 43.61253, 3.972953 43.61251, 3.973001 43.61255, 3.972971 43.61257, 3.972923 43.61253));;Maize;iPG304;WD1;1
192/DZ_PG_69/ZM4396/WD1/1/DIA2017-05-19;Plot;;Polygon ((3.972953 43.61251, 3.972984 43.61249, 3.973032 43.61253, 3.973001 43.61255, 3.972953 43.61251));;Maize;iPG312;WD1;1
193/DZ_PG_20/ZM4344/WD1/1/DIA2017-05-19;Plot;;Polygon ((3.972984 43.61249, 3.973014 43.61247, 3.973062 43.61251, 3.973032 43.61253, 3.972984 43.61249));;Maize;iPG119;WD1;1
194/DZ_PG_04/ZM4366/WD1/1/DIA2017-05-19;Plot;;Polygon ((3.973014 43.61247, 3.973044 43.61245, 3.973092 43.6125, 3.973062 43.61251, 3.973014 43.61247));;Maize;iPG321;WD1;1
195/DZ_PG_14/ZM4375/WD1/1/DIA2017-05-19;Plot;;Polygon ((3.973044 43.61245, 3.973074 43.61244, 3.973122 43.61248, 3.973092 43.6125, 3.973044 43.61245));;Maize;iPG101;WD1;1
196/DZ_PG_25/ZM4382/WD1/2/DIA2017-05-19;Plot;;Polygon ((3.972996 43.61241, 3.973026 43.61239, 3.973074 43.61244, 3.973044 43.61245, 3.972996 43.61241));;Maize;iPG136;WD1;2
197/DZ_PG_19/ZM4367/WD1/2/DIA2017-05-19;Plot;;Polygon ((3.972966 43.61243, 3.972996 43.61241, 3.973044 43.61245, 3.973014 43.61247, 3.972966 43.61243));;Maize;iPG117;WD1;2
198/DZ_PG_31/ZM4347/WD1/2/DIA2017-05-19;Plot;;Polygon ((3.972936 43.61245, 3.972966 43.61243, 3.973014 43.61247, 3.972984 43.61249, 3.972936 43.61245));;Maize;iPG153;WD1;2
199/DZ_PG_35/ZM4358/WD1/2/DIA2017-05-19;Plot;;Polygon ((3.972905 43.61247, 3.972936 43.61245, 3.972984 43.61249, 3.972953 43.61251, 3.972905 43.61247));;Maize;iPG164;WD1;2
200/DZ_PG_17/ZM4348/WD1/2/DIA2017-05-19;Plot;;Polygon ((3.972875 43.61249, 3.972905 43.61247, 3.972953 43.61251, 3.972923 43.61253, 3.972875 43.61249));;Maize;iPG110;WD1;2
201/DZ_PG_24/ZM4342/WD1/2/DIA2017-05-19;Plot;;Polygon ((3.972845 43.61251, 3.972875 43.61249, 3.972923 43.61253, 3.972893 43.61255, 3.972845 43.61251));;Maize;iPG131;WD1;2
202/DZ_PG_34/ZM4384/WD1/2/DIA2017-05-19;Plot;;Polygon ((3.972815 43.61252, 3.972845 43.61251, 3.972893 43.61255, 3.972863 43.61257, 3.972815 43.61252));;Maize;iPG159;WD1;2
203/DZ_PG_50/ZM4363/WD1/2/DIA2017-05-19;Plot;;Polygon ((3.972784 43.61254, 3.972815 43.61252, 3.972863 43.61257, 3.972832 43.61258, 3.972784 43.61254));;Maize;iPG233;WD1;2
204/DZ_PG_04/ZM4366/WD1/2/DIA2017-05-19;Plot;;Polygon ((3.972754 43.61256, 3.972784 43.61254, 3.972832 43.61258, 3.972802 43.6126, 3.972754 43.61256));;Maize;iPG321;WD1;2
205/DZ_PG_49/ZM4389/WD1/2/DIA2017-05-19;Plot;;Polygon ((3.972724 43.61258, 3.972754 43.61256, 3.972802 43.6126, 3.972772 43.61262, 3.972724 43.61258));;Maize;iPG228;WD1;2
206/DZ_PG_21/ZM4360/WD1/2/DIA2017-05-19;Plot;;Polygon ((3.972694 43.6126, 3.972724 43.61258, 3.972772 43.61262, 3.972742 43.61264, 3.972694 43.6126));;Maize;iPG120;WD1;2
207/DZ_PG_69/ZM4396/WD1/2/DIA2017-05-19;Plot;;Polygon ((3.972663 43.61262, 3.972694 43.6126, 3.972742 43.61264, 3.972711 43.61266, 3.972663 43.61262));;Maize;iPG312;WD1;2
208/DZ_PG_62/ZM4393/WD1/2/DIA2017-05-19;Plot;;Polygon ((3.972633 43.61264, 3.972663 43.61262, 3.972711 43.61266, 3.972681 43.61268, 3.972633 43.61264));;Maize;iPG303;WD1;2
209/DZ_PG_63/ZM4392/WD1/2/DIA2017-05-19;Plot;;Polygon ((3.972585 43.61259, 3.972615 43.61258, 3.972663 43.61262, 3.972633 43.61264, 3.972585 43.61259));;Maize;iPG304;WD1;2
210/DZ_PG_01/ZM4381/WD1/2/DIA2017-05-19;Plot;;Polygon ((3.972615 43.61258, 3.972646 43.61256, 3.972694 43.6126, 3.972663 43.61262, 3.972615 43.61258));;Maize;iPG004;WD1;2
211/DZ_PG_12/ZM1304_lot1/WD1/2/DIA2017-05-19;Plot;;Polygon ((3.972646 43.61256, 3.972676 43.61254, 3.972724 43.61258, 3.972694 43.6126, 3.972646 43.61256));;Maize;iPG082;WD1;2
212/DZ_PG_69/ZM4396/WD1/2/DIA2017-05-19;Plot;;Polygon ((3.972676 43.61254, 3.972706 43.61252, 3.972754 43.61256, 3.972724 43.61258, 3.972676 43.61254));;Maize;iPG312;WD1;2
213/DZ_PG_03/ZM4377/WD1/2/DIA2017-05-19;Plot;;Polygon ((3.972706 43.61252, 3.972736 43.6125, 3.972784 43.61254, 3.972754 43.61256, 3.972706 43.61252));;Maize;iPG017;WD1;2
214/DKC4590/XXXX/WD1/2/DIA2017-05-19;Plot;;Polygon ((3.972736 43.6125, 3.972767 43.61248, 3.972815 43.61252, 3.972784 43.61254, 3.972736 43.6125));;Maize;DKC4590;WD1;2
215/DKC4590/XXXX/WD1/2/DIA2017-05-19;Plot;;Polygon ((3.972767 43.61248, 3.972797 43.61246, 3.972845 43.61251, 3.972815 43.61252, 3.972767 43.61248));;Maize;DKC4590;WD1;2
216/DZ_PG_44/ZM4369/WD1/2/DIA2017-05-19;Plot;;Polygon ((3.972797 43.61246, 3.972827 43.61245, 3.972875 43.61249, 3.972845 43.61251, 3.972797 43.61246));;Maize;iPG189;WD1;2
217/DZ_PG_45/ZM4385/WD1/2/DIA2017-05-19;Plot;;Polygon ((3.972827 43.61245, 3.972857 43.61243, 3.972905 43.61247, 3.972875 43.61249, 3.972827 43.61245));;Maize;iPG194;WD1;2
218/DZ_PG_33/ZM4353/WD1/2/DIA2017-05-19;Plot;;Polygon ((3.972857 43.61243, 3.972888 43.61241, 3.972936 43.61245, 3.972905 43.61247, 3.972857 43.61243));;Maize;iPG158;WD1;2
219/DZ_PG_52/ZM4370/WD1/2/DIA2017-05-19;Plot;;Polygon ((3.972888 43.61241, 3.972918 43.61239, 3.972966 43.61243, 3.972936 43.61245, 3.972888 43.61241));;Maize;iPG239;WD1;2
220/DZ_PG_45/ZM4385/WD1/2/DIA2017-05-19;Plot;;Polygon ((3.972918 43.61239, 3.972948 43.61237, 3.972996 43.61241, 3.972966 43.61243, 3.972918 43.61239));;Maize;iPG194;WD1;2
221/DZ_PG_51/ZM4350/WD1/2/DIA2017-05-19;Plot;;Polygon ((3.972948 43.61237, 3.972978 43.61235, 3.973026 43.61239, 3.972996 43.61241, 3.972948 43.61237));;Maize;iPG234;WD1;2
222/DZ_PG_47/ZM4362/WD1/2/DIA2017-05-19;Plot;;Polygon ((3.9729 43.61233, 3.97293 43.61231, 3.972978 43.61235, 3.972948 43.61237, 3.9729 43.61233));;Maize;iPG202;WD1;2
223/DZ_PG_48/ZM4421/WD1/2/DIA2017-05-19;Plot;;Polygon ((3.97287 43.61235, 3.9729 43.61233, 3.972948 43.61237, 3.972918 43.61239, 3.97287 43.61235));;Maize;iPG216;WD1;2
224/DZ_PG_11/ZM4386/WD1/2/DIA2017-05-19;Plot;;Polygon ((3.97284 43.61237, 3.97287 43.61235, 3.972918 43.61239, 3.972888 43.61241, 3.97284 43.61237));;Maize;iPG077;WD1;2
225/DZ_PG_43/ZM4380/WD1/2/DIA2017-05-19;Plot;;Polygon ((3.972809 43.61239, 3.97284 43.61237, 3.972888 43.61241, 3.972857 43.61243, 3.972809 43.61239));;Maize;iPG188;WD1;2
226/DZ_PG_54/ZM4346/WD1/2/DIA2017-05-19;Plot;;Polygon ((3.972779 43.6124, 3.972809 43.61239, 3.972857 43.61243, 3.972827 43.61245, 3.972779 43.6124));;Maize;iPG116;WD1;2
227/DZ_PG_05/ZM4357/WD1/2/DIA2017-05-19;Plot;;Polygon ((3.972749 43.61242, 3.972779 43.6124, 3.972827 43.61245, 3.972797 43.61246, 3.972749 43.61242));;Maize;iPG026;WD1;2
228/DKC4590/XXXX/WD1/2/DIA2017-05-19;Plot;;Polygon ((3.972719 43.61244, 3.972749 43.61242, 3.972797 43.61246, 3.972767 43.61248, 3.972719 43.61244));;Maize;DKC4590;WD1;2
229/DZ_PG_20/ZM4344/WD1/2/DIA2017-05-19;Plot;;Polygon ((3.972688 43.61246, 3.972719 43.61244, 3.972767 43.61248, 3.972736 43.6125, 3.972688 43.61246));;Maize;iPG119;WD1;2
230/DZ_PG_72/ZM4398/WD1/2/DIA2017-05-19;Plot;;Polygon ((3.972658 43.61248, 3.972688 43.61246, 3.972736 43.6125, 3.972706 43.61252, 3.972658 43.61248));;Maize;iPG314;WD1;2
231/DZ_PG_41/ZM4378/WD1/2/DIA2017-05-19;Plot;;Polygon ((3.972628 43.6125, 3.972658 43.61248, 3.972706 43.61252, 3.972676 43.61254, 3.972628 43.6125));;Maize;iPG181;WD1;2
232/DZ_PG_74/ZM4397/WD1/2/DIA2017-05-19;Plot;;Polygon ((3.972598 43.61252, 3.972628 43.6125, 3.972676 43.61254, 3.972646 43.61256, 3.972598 43.61252));;Maize;iPG313;WD1;2
233/DZ_PG_68/ZM4395/WD1/2/DIA2017-05-19;Plot;;Polygon ((3.972567 43.61254, 3.972598 43.61252, 3.972646 43.61256, 3.972615 43.61258, 3.972567 43.61254));;Maize;iPG311;WD1;2
234/DZ_PG_37/ZM4364/WD1/2/DIA2017-05-19;Plot;;Polygon ((3.972537 43.61255, 3.972567 43.61254, 3.972615 43.61258, 3.972585 43.61259, 3.972537 43.61255));;Maize;iPG167;WD1;2
235/DZ_PG_22/ZM4349/WD1/2/DIA2017-05-19;Plot;;Polygon ((3.972489 43.61251, 3.972519 43.61249, 3.972567 43.61254, 3.972537 43.61255, 3.972489 43.61251));;Maize;iPG121;WD1;2
236/DZ_PG_06/ZM4376/WD1/2/DIA2017-05-19;Plot;;Polygon ((3.972519 43.61249, 3.97255 43.61248, 3.972598 43.61252, 3.972567 43.61254, 3.972519 43.61249));;Maize;iPG029;WD1;2
237/DZ_PG_53/ZM4345/WD1/2/DIA2017-05-19;Plot;;Polygon ((3.97255 43.61248, 3.97258 43.61246, 3.972628 43.6125, 3.972598 43.61252, 3.97255 43.61248));;Maize;iPG190;WD1;2
238/DZ_PG_26/ZM4387/WD1/2/DIA2017-05-19;Plot;;Polygon ((3.97258 43.61246, 3.97261 43.61244, 3.972658 43.61248, 3.972628 43.6125, 3.97258 43.61246));;Maize;iPG138;WD1;2
239/DZ_PG_14/ZM4375/WD1/2/DIA2017-05-19;Plot;;Polygon ((3.97261 43.61244, 3.97264 43.61242, 3.972688 43.61246, 3.972658 43.61248, 3.97261 43.61244));;Maize;iPG101;WD1;2
240/DZ_PG_55/ZM4355/WD1/2/DIA2017-05-19;Plot;;Polygon ((3.97264 43.61242, 3.972671 43.6124, 3.972719 43.61244, 3.972688 43.61246, 3.97264 43.61242));;Maize;iPG146;WD1;2
241/DKC4590/XXXX/WD1/2/DIA2017-05-19;Plot;;Polygon ((3.972671 43.6124, 3.972701 43.61238, 3.972749 43.61242, 3.972719 43.61244, 3.972671 43.6124));;Maize;DKC4590;WD1;2
242/DKC4590/XXXX/WD1/2/DIA2017-05-19;Plot;;Polygon ((3.972701 43.61238, 3.972731 43.61236, 3.972779 43.6124, 3.972749 43.61242, 3.972701 43.61238));;Maize;DKC4590;WD1;2
243/DZ_PG_30/ZM4361/WD1/2/DIA2017-05-19;Plot;;Polygon ((3.972731 43.61236, 3.972761 43.61234, 3.972809 43.61239, 3.972779 43.6124, 3.972731 43.61236));;Maize;iPG152;WD1;2
244/DZ_PG_09/ZM4368/WD1/2/DIA2017-05-19;Plot;;Polygon ((3.972761 43.61234, 3.972792 43.61233, 3.97284 43.61237, 3.972809 43.61239, 3.972761 43.61234));;Maize;iPG066;WD1;2
245/DZ_PG_10/ZM4365/WD1/2/DIA2017-05-19;Plot;;Polygon ((3.972792 43.61233, 3.972822 43.61231, 3.97287 43.61235, 3.97284 43.61237, 3.972792 43.61233));;Maize;iPG073;WD1;2
246/DZ_PG_66/ZM4391/WD1/2/DIA2017-05-19;Plot;;Polygon ((3.972822 43.61231, 3.972852 43.61229, 3.9729 43.61233, 3.97287 43.61235, 3.972822 43.61231));;Maize;iPG318;WD1;2
247/DZ_PG_23/ZM4388/WD1/2/DIA2017-05-19;Plot;;Polygon ((3.972852 43.61229, 3.972882 43.61227, 3.97293 43.61231, 3.9729 43.61233, 3.972852 43.61229));;Maize;iPG128;WD1;2
248/DZ_PG_27/ZM4354/WD1/2/DIA2017-05-19;Plot;;Polygon ((3.972804 43.61225, 3.972834 43.61223, 3.972882 43.61227, 3.972852 43.61229, 3.972804 43.61225));;Maize;iPG103;WD1;2
249/DZ_PG_62/ZM4393/WD1/2/DIA2017-05-19;Plot;;Polygon ((3.972774 43.61227, 3.972804 43.61225, 3.972852 43.61229, 3.972822 43.61231, 3.972774 43.61227));;Maize;iPG303;WD1;2
250/DZ_PG_13/ZM4379/WD1/2/DIA2017-05-19;Plot;;Polygon ((3.972744 43.61229, 3.972774 43.61227, 3.972822 43.61231, 3.972792 43.61233, 3.972744 43.61229));;Maize;iPG089;WD1;2
251/DZ_PG_16/ZM4359/WD1/2/DIA2017-05-19;Plot;;Polygon ((3.972713 43.6123, 3.972744 43.61229, 3.972792 43.61233, 3.972761 43.61234, 3.972713 43.6123));;Maize;iPG109;WD1;2
252/DZ_PG_32/ZM4352/WD1/2/DIA2017-05-19;Plot;;Polygon ((3.972683 43.61232, 3.972713 43.6123, 3.972761 43.61234, 3.972731 43.61236, 3.972683 43.61232));;Maize;iPG155;WD1;2
253/DZ_PG_77/ZM4452/WD1/2/DIA2017-05-19;Plot;;Polygon ((3.972653 43.61234, 3.972683 43.61232, 3.972731 43.61236, 3.972701 43.61238, 3.972653 43.61234));;Maize;iPG169;WD1;2
254/DZ_PG_62/ZM4393/WD1/2/DIA2017-05-19;Plot;;Polygon ((3.972623 43.61236, 3.972653 43.61234, 3.972701 43.61238, 3.972671 43.6124, 3.972623 43.61236));;Maize;iPG303;WD1;2
255/DZ_PG_02/ZM4356/WD1/2/DIA2017-05-19;Plot;;Polygon ((3.972592 43.61238, 3.972623 43.61236, 3.972671 43.6124, 3.97264 43.61242, 3.972592 43.61238));;Maize;iPG007;WD1;2
256/DZ_PG_08/ZM4343/WD1/2/DIA2017-05-19;Plot;;Polygon ((3.972562 43.6124, 3.972592 43.61238, 3.97264 43.61242, 3.97261 43.61244, 3.972562 43.6124));;Maize;iPG063;WD1;2
257/DZ_PG_67/ZM4394/WD1/2/DIA2017-05-19;Plot;;Polygon ((3.972532 43.61242, 3.972562 43.6124, 3.97261 43.61244, 3.97258 43.61246, 3.972532 43.61242));;Maize;iPG310;WD1;2
258/DZ_PG_40/ZM4390/WD1/2/DIA2017-05-19;Plot;;Polygon ((3.972502 43.61243, 3.972532 43.61242, 3.97258 43.61246, 3.97255 43.61248, 3.972502 43.61243));;Maize;iPG176;WD1;2
259/DZ_PG_07/ZM4351/WD1/2/DIA2017-05-19;Plot;;Polygon ((3.972471 43.61245, 3.972502 43.61243, 3.97255 43.61248, 3.972519 43.61249, 3.972471 43.61245));;Maize;iPG062;WD1;2
260/DZ_PG_67/ZM4394/WD1/2/DIA2017-05-19;Plot;;Polygon ((3.972441 43.61247, 3.972471 43.61245, 3.972519 43.61249, 3.972489 43.61251, 3.972441 43.61247));;Maize;iPG310;WD1;2
261/DZ_PG_51/ZM4350/WD2/1/DIA2017-05-19;Plot;;Polygon ((3.973387 43.61253, 3.973418 43.61251, 3.973466 43.61255, 3.973435 43.61257, 3.973387 43.61253));;Maize;iPG234;WD2;1
262/DZ_PG_08/ZM4343/WD2/1/DIA2017-05-19;Plot;;Polygon ((3.973418 43.61251, 3.973448 43.61249, 3.973496 43.61253, 3.973466 43.61255, 3.973418 43.61251));;Maize;iPG063;WD2;1
263/DZ_PG_67/ZM4394/WD2/1/DIA2017-05-19;Plot;;Polygon ((3.973448 43.61249, 3.973478 43.61247, 3.973526 43.61251, 3.973496 43.61253, 3.973448 43.61249));;Maize;iPG310;WD2;1
264/DZ_PG_43/ZM4380/WD2/1/DIA2017-05-19;Plot;;Polygon ((3.973478 43.61247, 3.973508 43.61245, 3.973556 43.61249, 3.973526 43.61251, 3.973478 43.61247));;Maize;iPG188;WD2;1
265/DZ_PG_01/ZM4381/WD2/1/DIA2017-05-19;Plot;;Polygon ((3.973508 43.61245, 3.973539 43.61243, 3.973587 43.61247, 3.973556 43.61249, 3.973508 43.61245));;Maize;iPG004;WD2;1
266/DZ_PG_66/ZM4391/WD2/1/DIA2017-05-19;Plot;;Polygon ((3.973539 43.61243, 3.973569 43.61241, 3.973617 43.61246, 3.973587 43.61247, 3.973539 43.61243));;Maize;iPG318;WD2;1
267/DZ_PG_69/ZM4396/WD2/1/DIA2017-05-19;Plot;;Polygon ((3.973569 43.61241, 3.973599 43.6124, 3.973647 43.61244, 3.973617 43.61246, 3.973569 43.61241));;Maize;iPG312;WD2;1
268/DZ_PG_62/ZM4393/WD2/1/DIA2017-05-19;Plot;;Polygon ((3.973599 43.6124, 3.973629 43.61238, 3.973677 43.61242, 3.973647 43.61244, 3.973599 43.6124));;Maize;iPG303;WD2;1
269/DZ_PG_04/ZM4366/WD2/1/DIA2017-05-19;Plot;;Polygon ((3.973629 43.61238, 3.97366 43.61236, 3.973708 43.6124, 3.973677 43.61242, 3.973629 43.61238));;Maize;iPG321;WD2;1
270/DZ_PG_48/ZM4421/WD2/1/DIA2017-05-19;Plot;;Polygon ((3.97366 43.61236, 3.97369 43.61234, 3.973738 43.61238, 3.973708 43.6124, 3.97366 43.61236));;Maize;iPG216;WD2;1
271/DZ_PG_34/ZM4384/WD2/1/DIA2017-05-19;Plot;;Polygon ((3.97369 43.61234, 3.97372 43.61232, 3.973768 43.61236, 3.973738 43.61238, 3.97369 43.61234));;Maize;iPG159;WD2;1
272/DZ_PG_69/ZM4396/WD2/1/DIA2017-05-19;Plot;;Polygon ((3.97372 43.61232, 3.97375 43.6123, 3.973798 43.61234, 3.973768 43.61236, 3.97372 43.61232));;Maize;iPG312;WD2;1
273/DZ_PG_02/ZM4356/WD2/1/DIA2017-05-19;Plot;;Polygon ((3.97375 43.6123, 3.973781 43.61228, 3.973829 43.61233, 3.973798 43.61234, 3.97375 43.6123));;Maize;iPG007;WD2;1
274/DZ_PG_32/ZM4352/WD2/1/DIA2017-05-19;Plot;;Polygon ((3.973702 43.61226, 3.973733 43.61224, 3.973781 43.61228, 3.97375 43.6123, 3.973702 43.61226));;Maize;iPG155;WD2;1
275/DZ_PG_12/ZM1304_lot1/WD2/1/DIA2017-05-19;Plot;;Polygon ((3.973672 43.61228, 3.973702 43.61226, 3.97375 43.6123, 3.97372 43.61232, 3.973672 43.61228));;Maize;iPG082;WD2;1
276/DZ_PG_03/ZM4377/WD2/1/DIA2017-05-19;Plot;;Polygon ((3.973642 43.6123, 3.973672 43.61228, 3.97372 43.61232, 3.97369 43.61234, 3.973642 43.6123));;Maize;iPG017;WD2;1
277/DZ_PG_67/ZM4394/WD2/1/DIA2017-05-19;Plot;;Polygon ((3.973612 43.61232, 3.973642 43.6123, 3.97369 43.61234, 3.97366 43.61236, 3.973612 43.61232));;Maize;iPG310;WD2;1
278/DZ_PG_30/ZM4361/WD2/1/DIA2017-05-19;Plot;;Polygon ((3.973581 43.61234, 3.973612 43.61232, 3.97366 43.61236, 3.973629 43.61238, 3.973581 43.61234));;Maize;iPG152;WD2;1
279/DZ_PG_19/ZM4367/WD2/1/DIA2017-05-19;Plot;;Polygon ((3.973551 43.61235, 3.973581 43.61234, 3.973629 43.61238, 3.973599 43.6124, 3.973551 43.61235));;Maize;iPG117;WD2;1
280/DZ_PG_21/ZM4360/WD2/1/DIA2017-05-19;Plot;;Polygon ((3.973521 43.61237, 3.973551 43.61235, 3.973599 43.6124, 3.973569 43.61241, 3.973521 43.61237));;Maize;iPG120;WD2;1
281/DZ_PG_55/ZM4355/WD2/1/DIA2017-05-19;Plot;;Polygon ((3.973491 43.61239, 3.973521 43.61237, 3.973569 43.61241, 3.973539 43.61243, 3.973491 43.61239));;Maize;iPG146;WD2;1
282/DZ_PG_68/ZM4395/WD2/1/DIA2017-05-19;Plot;;Polygon ((3.97346 43.61241, 3.973491 43.61239, 3.973539 43.61243, 3.973508 43.61245, 3.97346 43.61241));;Maize;iPG311;WD2;1
283/DZ_PG_27/ZM4354/WD2/1/DIA2017-05-19;Plot;;Polygon ((3.97343 43.61243, 3.97346 43.61241, 3.973508 43.61245, 3.973478 43.61247, 3.97343 43.61243));;Maize;iPG103;WD2;1
284/DZ_PG_41/ZM4378/WD2/1/DIA2017-05-19;Plot;;Polygon ((3.9734 43.61245, 3.97343 43.61243, 3.973478 43.61247, 3.973448 43.61249, 3.9734 43.61245));;Maize;iPG181;WD2;1
285/DZ_PG_63/ZM4392/WD2/1/DIA2017-05-19;Plot;;Polygon ((3.97337 43.61247, 3.9734 43.61245, 3.973448 43.61249, 3.973418 43.61251, 3.97337 43.61247));;Maize;iPG304;WD2;1
286/DZ_PG_09/ZM4368/WD2/1/DIA2017-05-19;Plot;;Polygon ((3.973339 43.61248, 3.97337 43.61247, 3.973418 43.61251, 3.973387 43.61253, 3.973339 43.61248));;Maize;iPG066;WD2;1
287/DZ_PG_06/ZM4376/WD2/1/DIA2017-05-19;Plot;;Polygon ((3.973291 43.61244, 3.973322 43.61242, 3.97337 43.61247, 3.973339 43.61248, 3.973291 43.61244));;Maize;iPG029;WD2;1
288/DZ_PG_22/ZM4349/WD2/1/DIA2017-05-19;Plot;;Polygon ((3.973322 43.61242, 3.973352 43.61241, 3.9734 43.61245, 3.97337 43.61247, 3.973322 43.61242));;Maize;iPG121;WD2;1
289/DZ_PG_37/ZM4364/WD2/1/DIA2017-05-19;Plot;;Polygon ((3.973352 43.61241, 3.973382 43.61239, 3.97343 43.61243, 3.9734 43.61245, 3.973352 43.61241));;Maize;iPG167;WD2;1
290/DZ_PG_49/ZM4389/WD2/1/DIA2017-05-19;Plot;;Polygon ((3.973382 43.61239, 3.973412 43.61237, 3.97346 43.61241, 3.97343 43.61243, 3.973382 43.61239));;Maize;iPG228;WD2;1
291/DZ_PG_17/ZM4348/WD2/1/DIA2017-05-19;Plot;;Polygon ((3.973412 43.61237, 3.973443 43.61235, 3.973491 43.61239, 3.97346 43.61241, 3.973412 43.61237));;Maize;iPG110;WD2;1
292/DZ_PG_72/ZM4398/WD2/1/DIA2017-05-19;Plot;;Polygon ((3.973443 43.61235, 3.973473 43.61233, 3.973521 43.61237, 3.973491 43.61239, 3.973443 43.61235));;Maize;iPG314;WD2;1
293/DZ_PG_47/ZM4362/WD2/1/DIA2017-05-19;Plot;;Polygon ((3.973473 43.61233, 3.973503 43.61231, 3.973551 43.61235, 3.973521 43.61237, 3.973473 43.61233));;Maize;iPG202;WD2;1
294/DZ_PG_13/ZM4379/WD2/1/DIA2017-05-19;Plot;;Polygon ((3.973503 43.61231, 3.973533 43.61229, 3.973581 43.61234, 3.973551 43.61235, 3.973503 43.61231));;Maize;iPG089;WD2;1
295/DZ_PG_25/ZM4382/WD2/1/DIA2017-05-19;Plot;;Polygon ((3.973533 43.61229, 3.973564 43.61228, 3.973612 43.61232, 3.973581 43.61234, 3.973533 43.61229));;Maize;iPG136;WD2;1
296/DZ_PG_24/ZM4342/WD2/1/DIA2017-05-19;Plot;;Polygon ((3.973564 43.61228, 3.973594 43.61226, 3.973642 43.6123, 3.973612 43.61232, 3.973564 43.61228));;Maize;iPG131;WD2;1
297/DKC4590/XXXX/WD2/1/DIA2017-05-19;Plot;;Polygon ((3.973594 43.61226, 3.973624 43.61224, 3.973672 43.61228, 3.973642 43.6123, 3.973594 43.61226));;Maize;DKC4590;WD2;1
298/DKC4590/XXXX/WD2/1/DIA2017-05-19;Plot;;Polygon ((3.973624 43.61224, 3.973654 43.61222, 3.973702 43.61226, 3.973672 43.61228, 3.973624 43.61224));;Maize;DKC4590;WD2;1
299/DKC4590/XXXX/WD2/1/DIA2017-05-19;Plot;;Polygon ((3.973654 43.61222, 3.973685 43.6122, 3.973733 43.61224, 3.973702 43.61226, 3.973654 43.61222));;Maize;DKC4590;WD2;1
300/DZ_PG_52/ZM4370/WD2/1/DIA2017-05-19;Plot;;Polygon ((3.973606 43.61218, 3.973637 43.61216, 3.973685 43.6122, 3.973654 43.61222, 3.973606 43.61218));;Maize;iPG239;WD2;1
301/DZ_PG_50/ZM4363/WD2/1/DIA2017-05-19;Plot;;Polygon ((3.973576 43.6122, 3.973606 43.61218, 3.973654 43.61222, 3.973624 43.61224, 3.973576 43.6122));;Maize;iPG233;WD2;1
302/DZ_PG_14/ZM4375/WD2/1/DIA2017-05-19;Plot;;Polygon ((3.973546 43.61222, 3.973576 43.6122, 3.973624 43.61224, 3.973594 43.61226, 3.973546 43.61222));;Maize;iPG101;WD2;1
303/DZ_PG_20/ZM4344/WD2/1/DIA2017-05-19;Plot;;Polygon ((3.973516 43.61223, 3.973546 43.61222, 3.973594 43.61226, 3.973564 43.61228, 3.973516 43.61223));;Maize;iPG119;WD2;1
304/DZ_PG_40/ZM4390/WD2/1/DIA2017-05-19;Plot;;Polygon ((3.973485 43.61225, 3.973516 43.61223, 3.973564 43.61228, 3.973533 43.61229, 3.973485 43.61225));;Maize;iPG176;WD2;1
305/DKC4590/XXXX/WD2/1/DIA2017-05-19;Plot;;Polygon ((3.973455 43.61227, 3.973485 43.61225, 3.973533 43.61229, 3.973503 43.61231, 3.973455 43.61227));;Maize;DKC4590;WD2;1
306/DKC4590/XXXX/WD2/1/DIA2017-05-19;Plot;;Polygon ((3.973425 43.61229, 3.973455 43.61227, 3.973503 43.61231, 3.973473 43.61233, 3.973425 43.61229));;Maize;DKC4590;WD2;1
307/DZ_PG_62/ZM4393/WD2/1/DIA2017-05-19;Plot;;Polygon ((3.973395 43.61231, 3.973425 43.61229, 3.973473 43.61233, 3.973443 43.61235, 3.973395 43.61231));;Maize;iPG303;WD2;1
308/DZ_PG_23/ZM4388/WD2/1/DIA2017-05-19;Plot;;Polygon ((3.973364 43.61233, 3.973395 43.61231, 3.973443 43.61235, 3.973412 43.61237, 3.973364 43.61233));;Maize;iPG128;WD2;1
309/DZ_PG_74/ZM4397/WD2/1/DIA2017-05-19;Plot;;Polygon ((3.973334 43.61235, 3.973364 43.61233, 3.973412 43.61237, 3.973382 43.61239, 3.973334 43.61235));;Maize;iPG313;WD2;1
310/DZ_PG_44/ZM4369/WD2/1/DIA2017-05-19;Plot;;Polygon ((3.973304 43.61237, 3.973334 43.61235, 3.973382 43.61239, 3.973352 43.61241, 3.973304 43.61237));;Maize;iPG189;WD2;1
311/DZ_PG_77/ZM4452/WD2/1/DIA2017-05-19;Plot;;Polygon ((3.973274 43.61238, 3.973304 43.61237, 3.973352 43.61241, 3.973322 43.61242, 3.973274 43.61238));;Maize;iPG169;WD2;1
312/DZ_PG_62/ZM4393/WD2/1/DIA2017-05-19;Plot;;Polygon ((3.973243 43.6124, 3.973274 43.61238, 3.973322 43.61242, 3.973291 43.61244, 3.973243 43.6124));;Maize;iPG303;WD2;1
313/DZ_PG_45/ZM4385/WD2/1/DIA2017-05-19;Plot;;Polygon ((3.973195 43.61236, 3.973226 43.61234, 3.973274 43.61238, 3.973243 43.6124, 3.973195 43.61236));;Maize;iPG194;WD2;1
314/DZ_PG_36/ZM4372/WD2/1/DIA2017-05-19;Plot;;Polygon ((3.973226 43.61234, 3.973256 43.61232, 3.973304 43.61237, 3.973274 43.61238, 3.973226 43.61234));;Maize;iPG165;WD2;1
315/DZ_PG_11/ZM4386/WD2/1/DIA2017-05-19;Plot;;Polygon ((3.973256 43.61232, 3.973286 43.61231, 3.973334 43.61235, 3.973304 43.61237, 3.973256 43.61232));;Maize;iPG077;WD2;1
316/DZ_PG_35/ZM4358/WD2/1/DIA2017-05-19;Plot;;Polygon ((3.973286 43.61231, 3.973316 43.61229, 3.973364 43.61233, 3.973334 43.61235, 3.973286 43.61231));;Maize;iPG164;WD2;1
317/DZ_PG_26/ZM4387/WD2/1/DIA2017-05-19;Plot;;Polygon ((3.973316 43.61229, 3.973347 43.61227, 3.973395 43.61231, 3.973364 43.61233, 3.973316 43.61229));;Maize;iPG138;WD2;1
318/DZ_PG_07/ZM4351/WD2/1/DIA2017-05-19;Plot;;Polygon ((3.973347 43.61227, 3.973377 43.61225, 3.973425 43.61229, 3.973395 43.61231, 3.973347 43.61227));;Maize;iPG062;WD2;1
319/DZ_PG_05/ZM4357/WD2/1/DIA2017-05-19;Plot;;Polygon ((3.973377 43.61225, 3.973407 43.61223, 3.973455 43.61227, 3.973425 43.61229, 3.973377 43.61225));;Maize;iPG026;WD2;1
320/DZ_PG_31/ZM4347/WD2/1/DIA2017-05-19;Plot;;Polygon ((3.973407 43.61223, 3.973437 43.61221, 3.973485 43.61225, 3.973455 43.61227, 3.973407 43.61223));;Maize;iPG153;WD2;1
321/DZ_PG_54/ZM4346/WD2/1/DIA2017-05-19;Plot;;Polygon ((3.973437 43.61221, 3.973468 43.61219, 3.973516 43.61223, 3.973485 43.61225, 3.973437 43.61221));;Maize;iPG116;WD2;1
322/DZ_PG_33/ZM4353/WD2/1/DIA2017-05-19;Plot;;Polygon ((3.973468 43.61219, 3.973498 43.61218, 3.973546 43.61222, 3.973516 43.61223, 3.973468 43.61219));;Maize;iPG158;WD2;1
323/DZ_PG_16/ZM4359/WD2/1/DIA2017-05-19;Plot;;Polygon ((3.973498 43.61218, 3.973528 43.61216, 3.973576 43.6122, 3.973546 43.61222, 3.973498 43.61218));;Maize;iPG109;WD2;1
324/DZ_PG_10/ZM4365/WD2/1/DIA2017-05-19;Plot;;Polygon ((3.973528 43.61216, 3.973558 43.61214, 3.973606 43.61218, 3.973576 43.6122, 3.973528 43.61216));;Maize;iPG073;WD2;1
325/DZ_PG_53/ZM4345/WD2/1/DIA2017-05-19;Plot;;Polygon ((3.973558 43.61214, 3.973589 43.61212, 3.973637 43.61216, 3.973606 43.61218, 3.973558 43.61214));;Maize;iPG190;WD2;1
326/DZ_PG_53/ZM4345/WD2/2/DIA2017-05-19;Plot;;Polygon ((3.97351 43.6121, 3.973541 43.61208, 3.973589 43.61212, 3.973558 43.61214, 3.97351 43.6121));;Maize;iPG190;WD2;2
327/DZ_PG_14/ZM4375/WD2/2/DIA2017-05-19;Plot;;Polygon ((3.97348 43.61212, 3.97351 43.6121, 3.973558 43.61214, 3.973528 43.61216, 3.97348 43.61212));;Maize;iPG101;WD2;2
328/DZ_PG_01/ZM4381/WD2/2/DIA2017-05-19;Plot;;Polygon ((3.97345 43.61213, 3.97348 43.61212, 3.973528 43.61216, 3.973498 43.61218, 3.97345 43.61213));;Maize;iPG004;WD2;2
329/DZ_PG_67/ZM4394/WD2/2/DIA2017-05-19;Plot;;Polygon ((3.97342 43.61215, 3.97345 43.61213, 3.973498 43.61218, 3.973468 43.61219, 3.97342 43.61215));;Maize;iPG310;WD2;2
330/DZ_PG_02/ZM4356/WD2/2/DIA2017-05-19;Plot;;Polygon ((3.973389 43.61217, 3.97342 43.61215, 3.973468 43.61219, 3.973437 43.61221, 3.973389 43.61217));;Maize;iPG007;WD2;2
331/DZ_PG_37/ZM4364/WD2/2/DIA2017-05-19;Plot;;Polygon ((3.973359 43.61219, 3.973389 43.61217, 3.973437 43.61221, 3.973407 43.61223, 3.973359 43.61219));;Maize;iPG167;WD2;2
332/DZ_PG_40/ZM4390/WD2/2/DIA2017-05-19;Plot;;Polygon ((3.973329 43.61221, 3.973359 43.61219, 3.973407 43.61223, 3.973377 43.61225, 3.973329 43.61221));;Maize;iPG176;WD2;2
333/DZ_PG_12/ZM1304_lot1/WD2/2/DIA2017-05-19;Plot;;Polygon ((3.973299 43.61223, 3.973329 43.61221, 3.973377 43.61225, 3.973347 43.61227, 3.973299 43.61223));;Maize;iPG082;WD2;2
334/DZ_PG_43/ZM4380/WD2/2/DIA2017-05-19;Plot;;Polygon ((3.973268 43.61225, 3.973299 43.61223, 3.973347 43.61227, 3.973316 43.61229, 3.973268 43.61225));;Maize;iPG188;WD2;2
335/DZ_PG_06/ZM4376/WD2/2/DIA2017-05-19;Plot;;Polygon ((3.973238 43.61226, 3.973268 43.61225, 3.973316 43.61229, 3.973286 43.61231, 3.973238 43.61226));;Maize;iPG029;WD2;2
336/DZ_PG_19/ZM4367/WD2/2/DIA2017-05-19;Plot;;Polygon ((3.973208 43.61228, 3.973238 43.61226, 3.973286 43.61231, 3.973256 43.61232, 3.973208 43.61228));;Maize;iPG117;WD2;2
337/DZ_PG_36/ZM4372/WD2/2/DIA2017-05-19;Plot;;Polygon ((3.973178 43.6123, 3.973208 43.61228, 3.973256 43.61232, 3.973226 43.61234, 3.973178 43.6123));;Maize;iPG165;WD2;2
338/DZ_PG_11/ZM4386/WD2/2/DIA2017-05-19;Plot;;Polygon ((3.973147 43.61232, 3.973178 43.6123, 3.973226 43.61234, 3.973195 43.61236, 3.973147 43.61232));;Maize;iPG077;WD2;2
339/DZ_PG_62/ZM4393/WD2/2/DIA2017-05-19;Plot;;Polygon ((3.973099 43.61228, 3.97313 43.61226, 3.973178 43.6123, 3.973147 43.61232, 3.973099 43.61228));;Maize;iPG303;WD2;2
340/DZ_PG_55/ZM4355/WD2/2/DIA2017-05-19;Plot;;Polygon ((3.97313 43.61226, 3.97316 43.61224, 3.973208 43.61228, 3.973178 43.6123, 3.97313 43.61226));;Maize;iPG146;WD2;2
341/DZ_PG_33/ZM4353/WD2/2/DIA2017-05-19;Plot;;Polygon ((3.97316 43.61224, 3.97319 43.61222, 3.973238 43.61226, 3.973208 43.61228, 3.97316 43.61224));;Maize;iPG158;WD2;2
342/DZ_PG_04/ZM4366/WD2/2/DIA2017-05-19;Plot;;Polygon ((3.97319 43.61222, 3.97322 43.6122, 3.973268 43.61225, 3.973238 43.61226, 3.97319 43.61222));;Maize;iPG321;WD2;2
343/DZ_PG_48/ZM4421/WD2/2/DIA2017-05-19;Plot;;Polygon ((3.97322 43.6122, 3.973251 43.61219, 3.973299 43.61223, 3.973268 43.61225, 3.97322 43.6122));;Maize;iPG216;WD2;2
344/DKC4590/XXXX/WD2/2/DIA2017-05-19;Plot;;Polygon ((3.973251 43.61219, 3.973281 43.61217, 3.973329 43.61221, 3.973299 43.61223, 3.973251 43.61219));;Maize;DKC4590;WD2;2
345/DKC4590/XXXX/WD2/2/DIA2017-05-19;Plot;;Polygon ((3.973281 43.61217, 3.973311 43.61215, 3.973359 43.61219, 3.973329 43.61221, 3.973281 43.61217));;Maize;DKC4590;WD2;2
346/DZ_PG_49/ZM4389/WD2/2/DIA2017-05-19;Plot;;Polygon ((3.973311 43.61215, 3.973341 43.61213, 3.973389 43.61217, 3.973359 43.61219, 3.973311 43.61215));;Maize;iPG228;WD2;2
347/DZ_PG_68/ZM4395/WD2/2/DIA2017-05-19;Plot;;Polygon ((3.973341 43.61213, 3.973372 43.61211, 3.97342 43.61215, 3.973389 43.61217, 3.973341 43.61213));;Maize;iPG311;WD2;2
348/DZ_PG_62/ZM4393/WD2/2/DIA2017-05-19;Plot;;Polygon ((3.973372 43.61211, 3.973402 43.61209, 3.97345 43.61213, 3.97342 43.61215, 3.973372 43.61211));;Maize;iPG303;WD2;2
349/DZ_PG_77/ZM4452/WD2/2/DIA2017-05-19;Plot;;Polygon ((3.973402 43.61209, 3.973432 43.61207, 3.97348 43.61212, 3.97345 43.61213, 3.973402 43.61209));;Maize;iPG169;WD2;2
350/DZ_PG_32/ZM4352/WD2/2/DIA2017-05-19;Plot;;Polygon ((3.973432 43.61207, 3.973462 43.61206, 3.97351 43.6121, 3.97348 43.61212, 3.973432 43.61207));;Maize;iPG155;WD2;2
351/DZ_PG_26/ZM4387/WD2/2/DIA2017-05-19;Plot;;Polygon ((3.973462 43.61206, 3.973493 43.61204, 3.973541 43.61208, 3.97351 43.6121, 3.973462 43.61206));;Maize;iPG138;WD2;2
352/DZ_PG_74/ZM4397/WD2/2/DIA2017-05-19;Plot;;Polygon ((3.973414 43.61201, 3.973445 43.612, 3.973493 43.61204, 3.973462 43.61206, 3.973414 43.61201));;Maize;iPG313;WD2;2
353/DZ_PG_54/ZM4346/WD2/2/DIA2017-05-19;Plot;;Polygon ((3.973384 43.61203, 3.973414 43.61201, 3.973462 43.61206, 3.973432 43.61207, 3.973384 43.61203));;Maize;iPG116;WD2;2
354/DZ_PG_67/ZM4394/WD2/2/DIA2017-05-19;Plot;;Polygon ((3.973354 43.61205, 3.973384 43.61203, 3.973432 43.61207, 3.973402 43.61209, 3.973354 43.61205));;Maize;iPG310;WD2;2
355/DZ_PG_62/ZM4393/WD2/2/DIA2017-05-19;Plot;;Polygon ((3.973324 43.61207, 3.973354 43.61205, 3.973402 43.61209, 3.973372 43.61211, 3.973324 43.61207));;Maize;iPG303;WD2;2
356/DZ_PG_69/ZM4396/WD2/2/DIA2017-05-19;Plot;;Polygon ((3.973293 43.61209, 3.973324 43.61207, 3.973372 43.61211, 3.973341 43.61213, 3.973293 43.61209));;Maize;iPG312;WD2;2
357/DZ_PG_24/ZM4342/WD2/2/DIA2017-05-19;Plot;;Polygon ((3.973263 43.61211, 3.973293 43.61209, 3.973341 43.61213, 3.973311 43.61215, 3.973263 43.61211));;Maize;iPG131;WD2;2
358/DKC4590/XXXX/WD2/2/DIA2017-05-19;Plot;;Polygon ((3.973233 43.61213, 3.973263 43.61211, 3.973311 43.61215, 3.973281 43.61217, 3.973233 43.61213));;Maize;DKC4590;WD2;2
359/DZ_PG_34/ZM4384/WD2/2/DIA2017-05-19;Plot;;Polygon ((3.973203 43.61214, 3.973233 43.61213, 3.973281 43.61217, 3.973251 43.61219, 3.973203 43.61214));;Maize;iPG159;WD2;2
360/DZ_PG_41/ZM4378/WD2/2/DIA2017-05-19;Plot;;Polygon ((3.973172 43.61216, 3.973203 43.61214, 3.973251 43.61219, 3.97322 43.6122, 3.973172 43.61216));;Maize;iPG181;WD2;2
361/DZ_PG_03/ZM4377/WD2/2/DIA2017-05-19;Plot;;Polygon ((3.973142 43.61218, 3.973172 43.61216, 3.97322 43.6122, 3.97319 43.61222, 3.973142 43.61218));;Maize;iPG017;WD2;2
362/DZ_PG_27/ZM4354/WD2/2/DIA2017-05-19;Plot;;Polygon ((3.973112 43.6122, 3.973142 43.61218, 3.97319 43.61222, 3.97316 43.61224, 3.973112 43.6122));;Maize;iPG103;WD2;2
363/DZ_PG_25/ZM4382/WD2/2/DIA2017-05-19;Plot;;Polygon ((3.973082 43.61222, 3.973112 43.6122, 3.97316 43.61224, 3.97313 43.61226, 3.973082 43.61222));;Maize;iPG136;WD2;2
364/DZ_PG_16/ZM4359/WD2/2/DIA2017-05-19;Plot;;Polygon ((3.973051 43.61224, 3.973082 43.61222, 3.97313 43.61226, 3.973099 43.61228, 3.973051 43.61224));;Maize;iPG109;WD2;2
365/DZ_PG_44/ZM4369/WD2/2/DIA2017-05-19;Plot;;Polygon ((3.973003 43.6122, 3.973034 43.61218, 3.973082 43.61222, 3.973051 43.61224, 3.973003 43.6122));;Maize;iPG189;WD2;2
366/DZ_PG_10/ZM4365/WD2/2/DIA2017-05-19;Plot;;Polygon ((3.973034 43.61218, 3.973064 43.61216, 3.973112 43.6122, 3.973082 43.61222, 3.973034 43.61218));;Maize;iPG073;WD2;2
367/DZ_PG_21/ZM4360/WD2/2/DIA2017-05-19;Plot;;Polygon ((3.973064 43.61216, 3.973094 43.61214, 3.973142 43.61218, 3.973112 43.6122, 3.973064 43.61216));;Maize;iPG120;WD2;2
368/DZ_PG_45/ZM4385/WD2/2/DIA2017-05-19;Plot;;Polygon ((3.973094 43.61214, 3.973124 43.61212, 3.973172 43.61216, 3.973142 43.61218, 3.973094 43.61214));;Maize;iPG194;WD2;2
369/DZ_PG_35/ZM4358/WD2/2/DIA2017-05-19;Plot;;Polygon ((3.973124 43.61212, 3.973155 43.6121, 3.973203 43.61214, 3.973172 43.61216, 3.973124 43.61212));;Maize;iPG164;WD2;2
370/DZ_PG_08/ZM4343/WD2/2/DIA2017-05-19;Plot;;Polygon ((3.973155 43.6121, 3.973185 43.61208, 3.973233 43.61213, 3.973203 43.61214, 3.973155 43.6121));;Maize;iPG063;WD2;2
371/DKC4590/XXXX/WD2/2/DIA2017-05-19;Plot;;Polygon ((3.973185 43.61208, 3.973215 43.61207, 3.973263 43.61211, 3.973233 43.61213, 3.973185 43.61208));;Maize;DKC4590;WD2;2
372/DKC4590/XXXX/WD2/2/DIA2017-05-19;Plot;;Polygon ((3.973215 43.61207, 3.973245 43.61205, 3.973293 43.61209, 3.973263 43.61211, 3.973215 43.61207));;Maize;DKC4590;WD2;2
373/DZ_PG_17/ZM4348/WD2/2/DIA2017-05-19;Plot;;Polygon ((3.973245 43.61205, 3.973276 43.61203, 3.973324 43.61207, 3.973293 43.61209, 3.973245 43.61205));;Maize;iPG110;WD2;2
374/DZ_PG_07/ZM4351/WD2/2/DIA2017-05-19;Plot;;Polygon ((3.973276 43.61203, 3.973306 43.61201, 3.973354 43.61205, 3.973324 43.61207, 3.973276 43.61203));;Maize;iPG062;WD2;2
375/DZ_PG_20/ZM4344/WD2/2/DIA2017-05-19;Plot;;Polygon ((3.973306 43.61201, 3.973336 43.61199, 3.973384 43.61203, 3.973354 43.61205, 3.973306 43.61201));;Maize;iPG119;WD2;2
376/DZ_PG_09/ZM4368/WD2/2/DIA2017-05-19;Plot;;Polygon ((3.973336 43.61199, 3.973366 43.61197, 3.973414 43.61201, 3.973384 43.61203, 3.973336 43.61199));;Maize;iPG066;WD2;2
377/DZ_PG_22/ZM4349/WD2/2/DIA2017-05-19;Plot;;Polygon ((3.973366 43.61197, 3.973397 43.61195, 3.973445 43.612, 3.973414 43.61201, 3.973366 43.61197));;Maize;iPG121;WD2;2
378/DZ_PG_13/ZM4379/WD2/2/DIA2017-05-19;Plot;;Polygon ((3.973318 43.61193, 3.973349 43.61191, 3.973397 43.61195, 3.973366 43.61197, 3.973318 43.61193));;Maize;iPG089;WD2;2
379/DZ_PG_63/ZM4392/WD2/2/DIA2017-05-19;Plot;;Polygon ((3.973288 43.61195, 3.973318 43.61193, 3.973366 43.61197, 3.973336 43.61199, 3.973288 43.61195));;Maize;iPG304;WD2;2
380/DZ_PG_50/ZM4363/WD2/2/DIA2017-05-19;Plot;;Polygon ((3.973258 43.61197, 3.973288 43.61195, 3.973336 43.61199, 3.973306 43.61201, 3.973258 43.61197));;Maize;iPG233;WD2;2
381/DZ_PG_47/ZM4362/WD2/2/DIA2017-05-19;Plot;;Polygon ((3.973228 43.61199, 3.973258 43.61197, 3.973306 43.61201, 3.973276 43.61203, 3.973228 43.61199));;Maize;iPG202;WD2;2
382/DZ_PG_31/ZM4347/WD2/2/DIA2017-05-19;Plot;;Polygon ((3.973197 43.61201, 3.973228 43.61199, 3.973276 43.61203, 3.973245 43.61205, 3.973197 43.61201));;Maize;iPG153;WD2;2
383/DZ_PG_69/ZM4396/WD2/2/DIA2017-05-19;Plot;;Polygon ((3.973167 43.61202, 3.973197 43.61201, 3.973245 43.61205, 3.973215 43.61207, 3.973167 43.61202));;Maize;iPG312;WD2;2
384/DZ_PG_52/ZM4370/WD2/2/DIA2017-05-19;Plot;;Polygon ((3.973137 43.61204, 3.973167 43.61202, 3.973215 43.61207, 3.973185 43.61208, 3.973137 43.61204));;Maize;iPG239;WD2;2
385/DZ_PG_72/ZM4398/WD2/2/DIA2017-05-19;Plot;;Polygon ((3.973107 43.61206, 3.973137 43.61204, 3.973185 43.61208, 3.973155 43.6121, 3.973107 43.61206));;Maize;iPG314;WD2;2
386/DZ_PG_30/ZM4361/WD2/2/DIA2017-05-19;Plot;;Polygon ((3.973076 43.61208, 3.973107 43.61206, 3.973155 43.6121, 3.973124 43.61212, 3.973076 43.61208));;Maize;iPG152;WD2;2
387/DZ_PG_23/ZM4388/WD2/2/DIA2017-05-19;Plot;;Polygon ((3.973046 43.6121, 3.973076 43.61208, 3.973124 43.61212, 3.973094 43.61214, 3.973046 43.6121));;Maize;iPG128;WD2;2
388/DZ_PG_05/ZM4357/WD2/2/DIA2017-05-19;Plot;;Polygon ((3.973016 43.61212, 3.973046 43.6121, 3.973094 43.61214, 3.973064 43.61216, 3.973016 43.61212));;Maize;iPG026;WD2;2
389/DZ_PG_66/ZM4391/WD2/2/DIA2017-05-19;Plot;;Polygon ((3.972986 43.61214, 3.973016 43.61212, 3.973064 43.61216, 3.973034 43.61218, 3.972986 43.61214));;Maize;iPG318;WD2;2
390/DZ_PG_51/ZM4350/WD2/2/DIA2017-05-19;Plot;;Polygon ((3.972955 43.61215, 3.972986 43.61214, 3.973034 43.61218, 3.973003 43.6122, 3.972955 43.61215));;Maize;iPG234;WD2;2
