,Alias	Type	Experiment	ExperimentModalities	Repetition,URI
0,pot1	Sensor	DIA2017	WW	1,test/m3p/2020/aProject/po20000001
1,pot2	Sensor	DIA2017	WW	1,test/m3p/2020/aProject/po20000002
2,pot3	Sensor	DIA2017	WW	1,test/m3p/2020/aProject/po20000003
3,pot4	Sensor	DIA2017	WW	1,test/m3p/2020/aProject/po20000004
4,pot5	Sensor	DIA2017	WW	1,test/m3p/2020/aProject/po20000005
5,pot6	Sensor	DIA2017	WW	1,test/m3p/2020/aProject/po20000006
6,pot7	Sensor	DIA2017	WW	1,test/m3p/2020/aProject/po20000007
7,pot8	Sensor	DIA2017	WW	1,test/m3p/2020/aProject/po20000008
8,pot9	Sensor	DIA2017	WW	1,test/m3p/2020/aProject/po20000009
9,pot10	Sensor	DIA2017	WW	1,test/m3p/2020/aProject/po20000010
10,pot11	Sensor	DIA2017	WW	1,test/m3p/2020/aProject/po20000011
11,pot12	Sensor	DIA2017	WW	1,test/m3p/2020/aProject/po20000012
12,pot13	Sensor	DIA2017	WW	1,test/m3p/2020/aProject/po20000013
13,pot14	Sensor	DIA2017	WW	1,test/m3p/2020/aProject/po20000014
14,pot15	Sensor	DIA2017	WW	1,test/m3p/2020/aProject/po20000015
15,pot16	Sensor	DIA2017	WW	1,test/m3p/2020/aProject/po20000016
16,pot17	Sensor	DIA2017	WW	1,test/m3p/2020/aProject/po20000017
17,pot18	Sensor	DIA2017	WW	1,test/m3p/2020/aProject/po20000018
18,pot19	Sensor	DIA2017	WW	1,test/m3p/2020/aProject/po20000019
19,pot20	Sensor	DIA2017	WW	1,test/m3p/2020/aProject/po20000020
20,pot21	Sensor	DIA2017	WW	1,test/m3p/2020/aProject/po20000021
21,pot22	Sensor	DIA2017	WW	1,test/m3p/2020/aProject/po20000022
22,pot23	Sensor	DIA2017	WW	1,test/m3p/2020/aProject/po20000023
23,pot24	Sensor	DIA2017	WW	1,test/m3p/2020/aProject/po20000024
24,pot25	Sensor	DIA2017	WW	1,test/m3p/2020/aProject/po20000025
25,pot26	Sensor	DIA2017	WW	1,test/m3p/2020/aProject/po20000026
26,pot27	Sensor	DIA2017	WW	1,test/m3p/2020/aProject/po20000027
27,pot28	Sensor	DIA2017	WW	1,test/m3p/2020/aProject/po20000028
28,pot29	Sensor	DIA2017	WW	1,test/m3p/2020/aProject/po20000029
29,pot30	Sensor	DIA2017	WW	1,test/m3p/2020/aProject/po20000030
30,pot31	Sensor	DIA2017	WW	1,test/m3p/2020/aProject/po20000031
31,pot32	Sensor	DIA2017	WW	1,test/m3p/2020/aProject/po20000032
32,pot33	Sensor	DIA2017	WW	1,test/m3p/2020/aProject/po20000033
33,pot34	Sensor	DIA2017	WW	1,test/m3p/2020/aProject/po20000034
34,pot35	Sensor	DIA2017	WW	1,test/m3p/2020/aProject/po20000035
35,pot36	Sensor	DIA2017	WW	1,test/m3p/2020/aProject/po20000036
36,pot37	Sensor	DIA2017	WW	1,test/m3p/2020/aProject/po20000037
37,pot38	Sensor	DIA2017	WW	1,test/m3p/2020/aProject/po20000038
38,pot39	Sensor	DIA2017	WW	1,test/m3p/2020/aProject/po20000039
39,pot40	Sensor	DIA2017	WW	1,test/m3p/2020/aProject/po20000040
40,pot41	Sensor	DIA2017	WW	1,test/m3p/2020/aProject/po20000041
41,pot42	Sensor	DIA2017	WW	1,test/m3p/2020/aProject/po20000042
42,pot43	Sensor	DIA2017	WW	1,test/m3p/2020/aProject/po20000043
43,pot44	Sensor	DIA2017	WW	1,test/m3p/2020/aProject/po20000044
44,pot45	Sensor	DIA2017	WW	1,test/m3p/2020/aProject/po20000045
45,pot46	Sensor	DIA2017	WW	1,test/m3p/2020/aProject/po20000046
46,pot47	Sensor	DIA2017	WW	1,test/m3p/2020/aProject/po20000047
47,pot48	Sensor	DIA2017	WW	1,test/m3p/2020/aProject/po20000048
48,pot49	Sensor	DIA2017	WW	1,test/m3p/2020/aProject/po20000049
49,pot50	Sensor	DIA2017	WW	1,test/m3p/2020/aProject/po20000050
50,pot51	Sensor	DIA2017	WW	1,test/m3p/2020/aProject/po20000051
51,pot52	Sensor	DIA2017	WW	1,test/m3p/2020/aProject/po20000052
52,pot53	Sensor	DIA2017	WW	1,test/m3p/2020/aProject/po20000053
53,pot54	Sensor	DIA2017	WW	1,test/m3p/2020/aProject/po20000054
54,pot55	Sensor	DIA2017	WW	1,test/m3p/2020/aProject/po20000055
55,pot56	Sensor	DIA2017	WW	1,test/m3p/2020/aProject/po20000056
56,pot57	Sensor	DIA2017	WW	1,test/m3p/2020/aProject/po20000057
57,pot58	Sensor	DIA2017	WW	1,test/m3p/2020/aProject/po20000058
58,pot59	Sensor	DIA2017	WW	1,test/m3p/2020/aProject/po20000059
59,pot60	Sensor	DIA2017	WW	1,test/m3p/2020/aProject/po20000060
60,pot61	Sensor	DIA2017	WW	1,test/m3p/2020/aProject/po20000061
61,pot62	Sensor	DIA2017	WW	1,test/m3p/2020/aProject/po20000062
62,pot63	Sensor	DIA2017	WW	1,test/m3p/2020/aProject/po20000063
63,pot64	Sensor	DIA2017	WW	1,test/m3p/2020/aProject/po20000064
64,pot65	Sensor	DIA2017	WW	1,test/m3p/2020/aProject/po20000065
65,pot66	Sensor	DIA2017	WW	2,test/m3p/2020/aProject/po20000066
66,pot67	Sensor	DIA2017	WW	2,test/m3p/2020/aProject/po20000067
67,pot68	Sensor	DIA2017	WW	2,test/m3p/2020/aProject/po20000068
68,pot69	Sensor	DIA2017	WW	2,test/m3p/2020/aProject/po20000069
69,pot70	Sensor	DIA2017	WW	2,test/m3p/2020/aProject/po20000070
70,pot71	Sensor	DIA2017	WW	2,test/m3p/2020/aProject/po20000071
71,pot72	Sensor	DIA2017	WW	2,test/m3p/2020/aProject/po20000072
72,pot73	Sensor	DIA2017	WW	2,test/m3p/2020/aProject/po20000073
73,pot74	Sensor	DIA2017	WW	2,test/m3p/2020/aProject/po20000074
74,pot75	Sensor	DIA2017	WW	2,test/m3p/2020/aProject/po20000075
75,pot76	Sensor	DIA2017	WW	2,test/m3p/2020/aProject/po20000076
76,pot77	Sensor	DIA2017	WW	2,test/m3p/2020/aProject/po20000077
77,pot78	Sensor	DIA2017	WW	2,test/m3p/2020/aProject/po20000078
78,pot79	Sensor	DIA2017	WW	2,test/m3p/2020/aProject/po20000079
79,pot80	Sensor	DIA2017	WW	2,test/m3p/2020/aProject/po20000080
80,pot81	Sensor	DIA2017	WW	2,test/m3p/2020/aProject/po20000081
81,pot82	Sensor	DIA2017	WW	2,test/m3p/2020/aProject/po20000082
82,pot83	Sensor	DIA2017	WW	2,test/m3p/2020/aProject/po20000083
83,pot84	Sensor	DIA2017	WW	2,test/m3p/2020/aProject/po20000084
84,pot85	Sensor	DIA2017	WW	2,test/m3p/2020/aProject/po20000085
85,pot86	Sensor	DIA2017	WW	2,test/m3p/2020/aProject/po20000086
86,pot87	Sensor	DIA2017	WW	2,test/m3p/2020/aProject/po20000087
87,pot88	Sensor	DIA2017	WW	2,test/m3p/2020/aProject/po20000088
88,pot89	Sensor	DIA2017	WW	2,test/m3p/2020/aProject/po20000089
89,pot90	Sensor	DIA2017	WW	2,test/m3p/2020/aProject/po20000090
90,pot91	Sensor	DIA2017	WW	2,test/m3p/2020/aProject/po20000091
91,pot92	Sensor	DIA2017	WW	2,test/m3p/2020/aProject/po20000092
92,pot93	Sensor	DIA2017	WW	2,test/m3p/2020/aProject/po20000093
93,pot94	Sensor	DIA2017	WW	2,test/m3p/2020/aProject/po20000094
94,pot95	Sensor	DIA2017	WW	2,test/m3p/2020/aProject/po20000095
95,pot96	Sensor	DIA2017	WW	2,test/m3p/2020/aProject/po20000096
96,pot97	Sensor	DIA2017	WW	2,test/m3p/2020/aProject/po20000097
97,pot98	Sensor	DIA2017	WW	2,test/m3p/2020/aProject/po20000098
98,pot99	Sensor	DIA2017	WW	2,test/m3p/2020/aProject/po20000099
99,pot100	Sensor	DIA2017	WW	2,test/m3p/2020/aProject/po20000100
100,pot101	Sensor	DIA2017	WW	2,test/m3p/2020/aProject/po20000101
101,pot102	Sensor	DIA2017	WW	2,test/m3p/2020/aProject/po20000102
102,pot103	Sensor	DIA2017	WW	2,test/m3p/2020/aProject/po20000103
103,pot104	Sensor	DIA2017	WW	2,test/m3p/2020/aProject/po20000104
104,pot105	Sensor	DIA2017	WW	2,test/m3p/2020/aProject/po20000105
105,pot106	Sensor	DIA2017	WW	2,test/m3p/2020/aProject/po20000106
106,pot107	Sensor	DIA2017	WW	2,test/m3p/2020/aProject/po20000107
107,pot108	Sensor	DIA2017	WW	2,test/m3p/2020/aProject/po20000108
108,pot109	Sensor	DIA2017	WW	2,test/m3p/2020/aProject/po20000109
109,pot110	Sensor	DIA2017	WW	2,test/m3p/2020/aProject/po20000110
110,pot111	Sensor	DIA2017	WW	2,test/m3p/2020/aProject/po20000111
111,pot112	Sensor	DIA2017	WW	2,test/m3p/2020/aProject/po20000112
112,pot113	Sensor	DIA2017	WW	2,test/m3p/2020/aProject/po20000113
113,pot114	Sensor	DIA2017	WW	2,test/m3p/2020/aProject/po20000114
114,pot115	Sensor	DIA2017	WW	2,test/m3p/2020/aProject/po20000115
115,pot116	Sensor	DIA2017	WW	2,test/m3p/2020/aProject/po20000116
116,pot117	Sensor	DIA2017	WW	2,test/m3p/2020/aProject/po20000117
117,pot118	Sensor	DIA2017	WW	2,test/m3p/2020/aProject/po20000118
118,pot119	Sensor	DIA2017	WW	2,test/m3p/2020/aProject/po20000119
119,pot120	Sensor	DIA2017	WW	2,test/m3p/2020/aProject/po20000120
120,pot121	Sensor	DIA2017	WW	2,test/m3p/2020/aProject/po20000121
121,pot122	Sensor	DIA2017	WW	2,test/m3p/2020/aProject/po20000122
122,pot123	Sensor	DIA2017	WW	2,test/m3p/2020/aProject/po20000123
123,pot124	Sensor	DIA2017	WW	2,test/m3p/2020/aProject/po20000124
124,pot125	Sensor	DIA2017	WW	2,test/m3p/2020/aProject/po20000125
125,pot126	Sensor	DIA2017	WW	2,test/m3p/2020/aProject/po20000126
126,pot127	Sensor	DIA2017	WW	2,test/m3p/2020/aProject/po20000127
127,pot128	Sensor	DIA2017	WW	2,test/m3p/2020/aProject/po20000128
128,pot129	Sensor	DIA2017	WW	2,test/m3p/2020/aProject/po20000129
129,pot130	Sensor	DIA2017	WW	2,test/m3p/2020/aProject/po20000130
130,pot131	Sensor	DIA2017	WD1	1,test/m3p/2020/aProject/po20000131
131,pot132	Sensor	DIA2017	WD1	1,test/m3p/2020/aProject/po20000132
132,pot133	Sensor	DIA2017	WD1	1,test/m3p/2020/aProject/po20000133
133,pot134	Sensor	DIA2017	WD1	1,test/m3p/2020/aProject/po20000134
134,pot135	Sensor	DIA2017	WD1	1,test/m3p/2020/aProject/po20000135
135,pot136	Sensor	DIA2017	WD1	1,test/m3p/2020/aProject/po20000136
136,pot137	Sensor	DIA2017	WD1	1,test/m3p/2020/aProject/po20000137
137,pot138	Sensor	DIA2017	WD1	1,test/m3p/2020/aProject/po20000138
138,pot139	Sensor	DIA2017	WD1	1,test/m3p/2020/aProject/po20000139
139,pot140	Sensor	DIA2017	WD1	1,test/m3p/2020/aProject/po20000140
140,pot141	Sensor	DIA2017	WD1	1,test/m3p/2020/aProject/po20000141
141,pot142	Sensor	DIA2017	WD1	1,test/m3p/2020/aProject/po20000142
142,pot143	Sensor	DIA2017	WD1	1,test/m3p/2020/aProject/po20000143
143,pot144	Sensor	DIA2017	WD1	1,test/m3p/2020/aProject/po20000144
144,pot145	Sensor	DIA2017	WD1	1,test/m3p/2020/aProject/po20000145
145,pot146	Sensor	DIA2017	WD1	1,test/m3p/2020/aProject/po20000146
146,pot147	Sensor	DIA2017	WD1	1,test/m3p/2020/aProject/po20000147
147,pot148	Sensor	DIA2017	WD1	1,test/m3p/2020/aProject/po20000148
148,pot149	Sensor	DIA2017	WD1	1,test/m3p/2020/aProject/po20000149
149,pot150	Sensor	DIA2017	WD1	1,test/m3p/2020/aProject/po20000150
150,pot151	Sensor	DIA2017	WD1	1,test/m3p/2020/aProject/po20000151
151,pot152	Sensor	DIA2017	WD1	1,test/m3p/2020/aProject/po20000152
152,pot153	Sensor	DIA2017	WD1	1,test/m3p/2020/aProject/po20000153
153,pot154	Sensor	DIA2017	WD1	1,test/m3p/2020/aProject/po20000154
154,pot155	Sensor	DIA2017	WD1	1,test/m3p/2020/aProject/po20000155
155,pot156	Sensor	DIA2017	WD1	1,test/m3p/2020/aProject/po20000156
156,pot157	Sensor	DIA2017	WD1	1,test/m3p/2020/aProject/po20000157
157,pot158	Sensor	DIA2017	WD1	1,test/m3p/2020/aProject/po20000158
158,pot159	Sensor	DIA2017	WD1	1,test/m3p/2020/aProject/po20000159
159,pot160	Sensor	DIA2017	WD1	1,test/m3p/2020/aProject/po20000160
160,pot161	Sensor	DIA2017	WD1	1,test/m3p/2020/aProject/po20000161
161,pot162	Sensor	DIA2017	WD1	1,test/m3p/2020/aProject/po20000162
162,pot163	Sensor	DIA2017	WD1	1,test/m3p/2020/aProject/po20000163
163,pot164	Sensor	DIA2017	WD1	1,test/m3p/2020/aProject/po20000164
164,pot165	Sensor	DIA2017	WD1	1,test/m3p/2020/aProject/po20000165
165,pot166	Sensor	DIA2017	WD1	1,test/m3p/2020/aProject/po20000166
166,pot167	Sensor	DIA2017	WD1	1,test/m3p/2020/aProject/po20000167
167,pot168	Sensor	DIA2017	WD1	1,test/m3p/2020/aProject/po20000168
168,pot169	Sensor	DIA2017	WD1	1,test/m3p/2020/aProject/po20000169
169,pot170	Sensor	DIA2017	WD1	1,test/m3p/2020/aProject/po20000170
170,pot171	Sensor	DIA2017	WD1	1,test/m3p/2020/aProject/po20000171
171,pot172	Sensor	DIA2017	WD1	1,test/m3p/2020/aProject/po20000172
172,pot173	Sensor	DIA2017	WD1	1,test/m3p/2020/aProject/po20000173
173,pot174	Sensor	DIA2017	WD1	1,test/m3p/2020/aProject/po20000174
174,pot175	Sensor	DIA2017	WD1	1,test/m3p/2020/aProject/po20000175
175,pot176	Sensor	DIA2017	WD1	1,test/m3p/2020/aProject/po20000176
176,pot177	Sensor	DIA2017	WD1	1,test/m3p/2020/aProject/po20000177
177,pot178	Sensor	DIA2017	WD1	1,test/m3p/2020/aProject/po20000178
178,pot179	Sensor	DIA2017	WD1	1,test/m3p/2020/aProject/po20000179
179,pot180	Sensor	DIA2017	WD1	1,test/m3p/2020/aProject/po20000180
180,pot181	Sensor	DIA2017	WD1	1,test/m3p/2020/aProject/po20000181
181,pot182	Sensor	DIA2017	WD1	1,test/m3p/2020/aProject/po20000182
182,pot183	Sensor	DIA2017	WD1	1,test/m3p/2020/aProject/po20000183
183,pot184	Sensor	DIA2017	WD1	1,test/m3p/2020/aProject/po20000184
184,pot185	Sensor	DIA2017	WD1	1,test/m3p/2020/aProject/po20000185
185,pot186	Sensor	DIA2017	WD1	1,test/m3p/2020/aProject/po20000186
186,pot187	Sensor	DIA2017	WD1	1,test/m3p/2020/aProject/po20000187
187,pot188	Sensor	DIA2017	WD1	1,test/m3p/2020/aProject/po20000188
188,pot189	Sensor	DIA2017	WD1	1,test/m3p/2020/aProject/po20000189
189,pot190	Sensor	DIA2017	WD1	1,test/m3p/2020/aProject/po20000190
190,pot191	Sensor	DIA2017	WD1	1,test/m3p/2020/aProject/po20000191
191,pot192	Sensor	DIA2017	WD1	1,test/m3p/2020/aProject/po20000192
192,pot193	Sensor	DIA2017	WD1	1,test/m3p/2020/aProject/po20000193
193,pot194	Sensor	DIA2017	WD1	1,test/m3p/2020/aProject/po20000194
194,pot195	Sensor	DIA2017	WD1	1,test/m3p/2020/aProject/po20000195
195,pot196	Sensor	DIA2017	WD1	2,test/m3p/2020/aProject/po20000196
196,pot197	Sensor	DIA2017	WD1	2,test/m3p/2020/aProject/po20000197
197,pot198	Sensor	DIA2017	WD1	2,test/m3p/2020/aProject/po20000198
198,pot199	Sensor	DIA2017	WD1	2,test/m3p/2020/aProject/po20000199
199,pot200	Sensor	DIA2017	WD1	2,test/m3p/2020/aProject/po20000200
200,pot201	Sensor	DIA2017	WD1	2,test/m3p/2020/aProject/po20000201
201,pot202	Sensor	DIA2017	WD1	2,test/m3p/2020/aProject/po20000202
202,pot203	Sensor	DIA2017	WD1	2,test/m3p/2020/aProject/po20000203
203,pot204	Sensor	DIA2017	WD1	2,test/m3p/2020/aProject/po20000204
204,pot205	Sensor	DIA2017	WD1	2,test/m3p/2020/aProject/po20000205
205,pot206	Sensor	DIA2017	WD1	2,test/m3p/2020/aProject/po20000206
206,pot207	Sensor	DIA2017	WD1	2,test/m3p/2020/aProject/po20000207
207,pot208	Sensor	DIA2017	WD1	2,test/m3p/2020/aProject/po20000208
208,pot209	Sensor	DIA2017	WD1	2,test/m3p/2020/aProject/po20000209
209,pot210	Sensor	DIA2017	WD1	2,test/m3p/2020/aProject/po20000210
210,pot211	Sensor	DIA2017	WD1	2,test/m3p/2020/aProject/po20000211
211,pot212	Sensor	DIA2017	WD1	2,test/m3p/2020/aProject/po20000212
212,pot213	Sensor	DIA2017	WD1	2,test/m3p/2020/aProject/po20000213
213,pot214	Sensor	DIA2017	WD1	2,test/m3p/2020/aProject/po20000214
214,pot215	Sensor	DIA2017	WD1	2,test/m3p/2020/aProject/po20000215
215,pot216	Sensor	DIA2017	WD1	2,test/m3p/2020/aProject/po20000216
216,pot217	Sensor	DIA2017	WD1	2,test/m3p/2020/aProject/po20000217
217,pot218	Sensor	DIA2017	WD1	2,test/m3p/2020/aProject/po20000218
218,pot219	Sensor	DIA2017	WD1	2,test/m3p/2020/aProject/po20000219
219,pot220	Sensor	DIA2017	WD1	2,test/m3p/2020/aProject/po20000220
220,pot221	Sensor	DIA2017	WD1	2,test/m3p/2020/aProject/po20000221
221,pot222	Sensor	DIA2017	WD1	2,test/m3p/2020/aProject/po20000222
222,pot223	Sensor	DIA2017	WD1	2,test/m3p/2020/aProject/po20000223
223,pot224	Sensor	DIA2017	WD1	2,test/m3p/2020/aProject/po20000224
224,pot225	Sensor	DIA2017	WD1	2,test/m3p/2020/aProject/po20000225
225,pot226	Sensor	DIA2017	WD1	2,test/m3p/2020/aProject/po20000226
226,pot227	Sensor	DIA2017	WD1	2,test/m3p/2020/aProject/po20000227
227,pot228	Sensor	DIA2017	WD1	2,test/m3p/2020/aProject/po20000228
228,pot229	Sensor	DIA2017	WD1	2,test/m3p/2020/aProject/po20000229
229,pot230	Sensor	DIA2017	WD1	2,test/m3p/2020/aProject/po20000230
230,pot231	Sensor	DIA2017	WD1	2,test/m3p/2020/aProject/po20000231
231,pot232	Sensor	DIA2017	WD1	2,test/m3p/2020/aProject/po20000232
232,pot233	Sensor	DIA2017	WD1	2,test/m3p/2020/aProject/po20000233
233,pot234	Sensor	DIA2017	WD1	2,test/m3p/2020/aProject/po20000234
234,pot235	Sensor	DIA2017	WD1	2,test/m3p/2020/aProject/po20000235
235,pot236	Sensor	DIA2017	WD1	2,test/m3p/2020/aProject/po20000236
236,pot237	Sensor	DIA2017	WD1	2,test/m3p/2020/aProject/po20000237
237,pot238	Sensor	DIA2017	WD1	2,test/m3p/2020/aProject/po20000238
238,pot239	Sensor	DIA2017	WD1	2,test/m3p/2020/aProject/po20000239
239,pot240	Sensor	DIA2017	WD1	2,test/m3p/2020/aProject/po20000240
240,pot241	Sensor	DIA2017	WD1	2,test/m3p/2020/aProject/po20000241
241,pot242	Sensor	DIA2017	WD1	2,test/m3p/2020/aProject/po20000242
242,pot243	Sensor	DIA2017	WD1	2,test/m3p/2020/aProject/po20000243
243,pot244	Sensor	DIA2017	WD1	2,test/m3p/2020/aProject/po20000244
244,pot245	Sensor	DIA2017	WD1	2,test/m3p/2020/aProject/po20000245
245,pot246	Sensor	DIA2017	WD1	2,test/m3p/2020/aProject/po20000246
246,pot247	Sensor	DIA2017	WD1	2,test/m3p/2020/aProject/po20000247
247,pot248	Sensor	DIA2017	WD1	2,test/m3p/2020/aProject/po20000248
248,pot249	Sensor	DIA2017	WD1	2,test/m3p/2020/aProject/po20000249
249,pot250	Sensor	DIA2017	WD1	2,test/m3p/2020/aProject/po20000250
250,pot251	Sensor	DIA2017	WD1	2,test/m3p/2020/aProject/po20000251
251,pot252	Sensor	DIA2017	WD1	2,test/m3p/2020/aProject/po20000252
252,pot253	Sensor	DIA2017	WD1	2,test/m3p/2020/aProject/po20000253
253,pot254	Sensor	DIA2017	WD1	2,test/m3p/2020/aProject/po20000254
254,pot255	Sensor	DIA2017	WD1	2,test/m3p/2020/aProject/po20000255
255,pot256	Sensor	DIA2017	WD1	2,test/m3p/2020/aProject/po20000256
256,pot257	Sensor	DIA2017	WD1	2,test/m3p/2020/aProject/po20000257
257,pot258	Sensor	DIA2017	WD1	2,test/m3p/2020/aProject/po20000258
258,pot259	Sensor	DIA2017	WD1	2,test/m3p/2020/aProject/po20000259
259,pot260	Sensor	DIA2017	WD1	2,test/m3p/2020/aProject/po20000260
260,pot261	Sensor	DIA2017	WD2	1,test/m3p/2020/aProject/po20000261
261,pot262	Sensor	DIA2017	WD2	1,test/m3p/2020/aProject/po20000262
262,pot263	Sensor	DIA2017	WD2	1,test/m3p/2020/aProject/po20000263
263,pot264	Sensor	DIA2017	WD2	1,test/m3p/2020/aProject/po20000264
264,pot265	Sensor	DIA2017	WD2	1,test/m3p/2020/aProject/po20000265
265,pot266	Sensor	DIA2017	WD2	1,test/m3p/2020/aProject/po20000266
266,pot267	Sensor	DIA2017	WD2	1,test/m3p/2020/aProject/po20000267
267,pot268	Sensor	DIA2017	WD2	1,test/m3p/2020/aProject/po20000268
268,pot269	Sensor	DIA2017	WD2	1,test/m3p/2020/aProject/po20000269
269,pot270	Sensor	DIA2017	WD2	1,test/m3p/2020/aProject/po20000270
270,pot271	Sensor	DIA2017	WD2	1,test/m3p/2020/aProject/po20000271
271,pot272	Sensor	DIA2017	WD2	1,test/m3p/2020/aProject/po20000272
272,pot273	Sensor	DIA2017	WD2	1,test/m3p/2020/aProject/po20000273
273,pot274	Sensor	DIA2017	WD2	1,test/m3p/2020/aProject/po20000274
274,pot275	Sensor	DIA2017	WD2	1,test/m3p/2020/aProject/po20000275
275,pot276	Sensor	DIA2017	WD2	1,test/m3p/2020/aProject/po20000276
276,pot277	Sensor	DIA2017	WD2	1,test/m3p/2020/aProject/po20000277
277,pot278	Sensor	DIA2017	WD2	1,test/m3p/2020/aProject/po20000278
278,pot279	Sensor	DIA2017	WD2	1,test/m3p/2020/aProject/po20000279
279,pot280	Sensor	DIA2017	WD2	1,test/m3p/2020/aProject/po20000280
280,pot281	Sensor	DIA2017	WD2	1,test/m3p/2020/aProject/po20000281
281,pot282	Sensor	DIA2017	WD2	1,test/m3p/2020/aProject/po20000282
282,pot283	Sensor	DIA2017	WD2	1,test/m3p/2020/aProject/po20000283
283,pot284	Sensor	DIA2017	WD2	1,test/m3p/2020/aProject/po20000284
284,pot285	Sensor	DIA2017	WD2	1,test/m3p/2020/aProject/po20000285
285,pot286	Sensor	DIA2017	WD2	1,test/m3p/2020/aProject/po20000286
286,pot287	Sensor	DIA2017	WD2	1,test/m3p/2020/aProject/po20000287
287,pot288	Sensor	DIA2017	WD2	1,test/m3p/2020/aProject/po20000288
288,pot289	Sensor	DIA2017	WD2	1,test/m3p/2020/aProject/po20000289
289,pot290	Sensor	DIA2017	WD2	1,test/m3p/2020/aProject/po20000290
290,pot291	Sensor	DIA2017	WD2	1,test/m3p/2020/aProject/po20000291
291,pot292	Sensor	DIA2017	WD2	1,test/m3p/2020/aProject/po20000292
292,pot293	Sensor	DIA2017	WD2	1,test/m3p/2020/aProject/po20000293
293,pot294	Sensor	DIA2017	WD2	1,test/m3p/2020/aProject/po20000294
294,pot295	Sensor	DIA2017	WD2	1,test/m3p/2020/aProject/po20000295
295,pot296	Sensor	DIA2017	WD2	1,test/m3p/2020/aProject/po20000296
296,pot297	Sensor	DIA2017	WD2	1,test/m3p/2020/aProject/po20000297
297,pot298	Sensor	DIA2017	WD2	1,test/m3p/2020/aProject/po20000298
298,pot299	Sensor	DIA2017	WD2	1,test/m3p/2020/aProject/po20000299
299,pot300	Sensor	DIA2017	WD2	1,test/m3p/2020/aProject/po20000300
300,pot301	Sensor	DIA2017	WD2	1,test/m3p/2020/aProject/po20000301
301,pot302	Sensor	DIA2017	WD2	1,test/m3p/2020/aProject/po20000302
302,pot303	Sensor	DIA2017	WD2	1,test/m3p/2020/aProject/po20000303
303,pot304	Sensor	DIA2017	WD2	1,test/m3p/2020/aProject/po20000304
304,pot305	Sensor	DIA2017	WD2	1,test/m3p/2020/aProject/po20000305
305,pot306	Sensor	DIA2017	WD2	1,test/m3p/2020/aProject/po20000306
306,pot307	Sensor	DIA2017	WD2	1,test/m3p/2020/aProject/po20000307
307,pot308	Sensor	DIA2017	WD2	1,test/m3p/2020/aProject/po20000308
308,pot309	Sensor	DIA2017	WD2	1,test/m3p/2020/aProject/po20000309
309,pot310	Sensor	DIA2017	WD2	1,test/m3p/2020/aProject/po20000310
310,pot311	Sensor	DIA2017	WD2	1,test/m3p/2020/aProject/po20000311
311,pot312	Sensor	DIA2017	WD2	1,test/m3p/2020/aProject/po20000312
312,pot313	Sensor	DIA2017	WD2	1,test/m3p/2020/aProject/po20000313
313,pot314	Sensor	DIA2017	WD2	1,test/m3p/2020/aProject/po20000314
314,pot315	Sensor	DIA2017	WD2	1,test/m3p/2020/aProject/po20000315
315,pot316	Sensor	DIA2017	WD2	1,test/m3p/2020/aProject/po20000316
316,pot317	Sensor	DIA2017	WD2	1,test/m3p/2020/aProject/po20000317
317,pot318	Sensor	DIA2017	WD2	1,test/m3p/2020/aProject/po20000318
318,pot319	Sensor	DIA2017	WD2	1,test/m3p/2020/aProject/po20000319
319,pot320	Sensor	DIA2017	WD2	1,test/m3p/2020/aProject/po20000320
320,pot321	Sensor	DIA2017	WD2	1,test/m3p/2020/aProject/po20000321
321,pot322	Sensor	DIA2017	WD2	1,test/m3p/2020/aProject/po20000322
322,pot323	Sensor	DIA2017	WD2	1,test/m3p/2020/aProject/po20000323
323,pot324	Sensor	DIA2017	WD2	1,test/m3p/2020/aProject/po20000324
324,pot325	Sensor	DIA2017	WD2	1,test/m3p/2020/aProject/po20000325
325,pot326	Sensor	DIA2017	WD2	2,test/m3p/2020/aProject/po20000326
326,pot327	Sensor	DIA2017	WD2	2,test/m3p/2020/aProject/po20000327
327,pot328	Sensor	DIA2017	WD2	2,test/m3p/2020/aProject/po20000328
328,pot329	Sensor	DIA2017	WD2	2,test/m3p/2020/aProject/po20000329
329,pot330	Sensor	DIA2017	WD2	2,test/m3p/2020/aProject/po20000330
330,pot331	Sensor	DIA2017	WD2	2,test/m3p/2020/aProject/po20000331
331,pot332	Sensor	DIA2017	WD2	2,test/m3p/2020/aProject/po20000332
332,pot333	Sensor	DIA2017	WD2	2,test/m3p/2020/aProject/po20000333
333,pot334	Sensor	DIA2017	WD2	2,test/m3p/2020/aProject/po20000334
334,pot335	Sensor	DIA2017	WD2	2,test/m3p/2020/aProject/po20000335
335,pot336	Sensor	DIA2017	WD2	2,test/m3p/2020/aProject/po20000336
336,pot337	Sensor	DIA2017	WD2	2,test/m3p/2020/aProject/po20000337
337,pot338	Sensor	DIA2017	WD2	2,test/m3p/2020/aProject/po20000338
338,pot339	Sensor	DIA2017	WD2	2,test/m3p/2020/aProject/po20000339
339,pot340	Sensor	DIA2017	WD2	2,test/m3p/2020/aProject/po20000340
340,pot341	Sensor	DIA2017	WD2	2,test/m3p/2020/aProject/po20000341
341,pot342	Sensor	DIA2017	WD2	2,test/m3p/2020/aProject/po20000342
342,pot343	Sensor	DIA2017	WD2	2,test/m3p/2020/aProject/po20000343
343,pot344	Sensor	DIA2017	WD2	2,test/m3p/2020/aProject/po20000344
344,pot345	Sensor	DIA2017	WD2	2,test/m3p/2020/aProject/po20000345
345,pot346	Sensor	DIA2017	WD2	2,test/m3p/2020/aProject/po20000346
346,pot347	Sensor	DIA2017	WD2	2,test/m3p/2020/aProject/po20000347
347,pot348	Sensor	DIA2017	WD2	2,test/m3p/2020/aProject/po20000348
348,pot349	Sensor	DIA2017	WD2	2,test/m3p/2020/aProject/po20000349
349,pot350	Sensor	DIA2017	WD2	2,test/m3p/2020/aProject/po20000350
350,pot351	Sensor	DIA2017	WD2	2,test/m3p/2020/aProject/po20000351
351,pot352	Sensor	DIA2017	WD2	2,test/m3p/2020/aProject/po20000352
352,pot353	Sensor	DIA2017	WD2	2,test/m3p/2020/aProject/po20000353
353,pot354	Sensor	DIA2017	WD2	2,test/m3p/2020/aProject/po20000354
354,pot355	Sensor	DIA2017	WD2	2,test/m3p/2020/aProject/po20000355
355,pot356	Sensor	DIA2017	WD2	2,test/m3p/2020/aProject/po20000356
356,pot357	Sensor	DIA2017	WD2	2,test/m3p/2020/aProject/po20000357
357,pot358	Sensor	DIA2017	WD2	2,test/m3p/2020/aProject/po20000358
358,pot359	Sensor	DIA2017	WD2	2,test/m3p/2020/aProject/po20000359
359,pot360	Sensor	DIA2017	WD2	2,test/m3p/2020/aProject/po20000360
360,pot361	Sensor	DIA2017	WD2	2,test/m3p/2020/aProject/po20000361
361,pot362	Sensor	DIA2017	WD2	2,test/m3p/2020/aProject/po20000362
362,pot363	Sensor	DIA2017	WD2	2,test/m3p/2020/aProject/po20000363
363,pot364	Sensor	DIA2017	WD2	2,test/m3p/2020/aProject/po20000364
364,pot365	Sensor	DIA2017	WD2	2,test/m3p/2020/aProject/po20000365
365,pot366	Sensor	DIA2017	WD2	2,test/m3p/2020/aProject/po20000366
366,pot367	Sensor	DIA2017	WD2	2,test/m3p/2020/aProject/po20000367
367,pot368	Sensor	DIA2017	WD2	2,test/m3p/2020/aProject/po20000368
368,pot369	Sensor	DIA2017	WD2	2,test/m3p/2020/aProject/po20000369
369,pot370	Sensor	DIA2017	WD2	2,test/m3p/2020/aProject/po20000370
370,pot371	Sensor	DIA2017	WD2	2,test/m3p/2020/aProject/po20000371
371,pot372	Sensor	DIA2017	WD2	2,test/m3p/2020/aProject/po20000372
372,pot373	Sensor	DIA2017	WD2	2,test/m3p/2020/aProject/po20000373
373,pot374	Sensor	DIA2017	WD2	2,test/m3p/2020/aProject/po20000374
374,pot375	Sensor	DIA2017	WD2	2,test/m3p/2020/aProject/po20000375
375,pot376	Sensor	DIA2017	WD2	2,test/m3p/2020/aProject/po20000376
376,pot377	Sensor	DIA2017	WD2	2,test/m3p/2020/aProject/po20000377
377,pot378	Sensor	DIA2017	WD2	2,test/m3p/2020/aProject/po20000378
378,pot379	Sensor	DIA2017	WD2	2,test/m3p/2020/aProject/po20000379
379,pot380	Sensor	DIA2017	WD2	2,test/m3p/2020/aProject/po20000380
380,pot381	Sensor	DIA2017	WD2	2,test/m3p/2020/aProject/po20000381
381,pot382	Sensor	DIA2017	WD2	2,test/m3p/2020/aProject/po20000382
382,pot383	Sensor	DIA2017	WD2	2,test/m3p/2020/aProject/po20000383
383,pot384	Sensor	DIA2017	WD2	2,test/m3p/2020/aProject/po20000384
384,pot385	Sensor	DIA2017	WD2	2,test/m3p/2020/aProject/po20000385
385,pot386	Sensor	DIA2017	WD2	2,test/m3p/2020/aProject/po20000386
386,pot387	Sensor	DIA2017	WD2	2,test/m3p/2020/aProject/po20000387
387,pot388	Sensor	DIA2017	WD2	2,test/m3p/2020/aProject/po20000388
388,pot389	Sensor	DIA2017	WD2	2,test/m3p/2020/aProject/po20000389
389,pot390	Sensor	DIA2017	WD2	2,test/m3p/2020/aProject/po20000390
