,rdfType,label,brand,model,serialNumber,inServiceDate,dateOfPurchase,dateOfLastCalibration,personInCharge,URI
0,http://www.opensilex.org/vocabulary/oeso#CupAnemometer,wcwsm0001,Cimel,,CES155,2011-01-01,,2017-01-01,chapuis@supagro.inra.fr,test/m3p/2020/se20000001
1,http://www.opensilex.org/vocabulary/oeso#SensingDevice,a01_s1,ECOMAL France S.A.S.,VISHAY SPECTROL_631HE,400,2012-03-01,2012-03-01,2016-11-18,guest@opensilex.org,test/m3p/2020/se20000002
2,http://www.opensilex.org/vocabulary/oeso#SensingDevice,a02_s1,ECOMAL France S.A.S.,VISHAY SPECTROL_631HE,401,2012-03-01,2012-03-01,2016-11-18,guest@opensilex.org,test/m3p/2020/se20000003
3,http://www.opensilex.org/vocabulary/oeso#SensingDevice,a03_s1,ECOMAL France S.A.S.,VISHAY SPECTROL_631HE,402,2012-03-01,2012-03-01,2016-11-18,guest@opensilex.org,test/m3p/2020/se20000004
4,http://www.opensilex.org/vocabulary/oeso#SensingDevice,a04_s1,ECOMAL France S.A.S.,VISHAY SPECTROL_631HE,403,2012-03-01,2012-03-01,2016-11-18,guest@opensilex.org,test/m3p/2020/se20000005
5,http://www.opensilex.org/vocabulary/oeso#SensingDevice,a05_s1,ECOMAL France S.A.S.,VISHAY SPECTROL_631HE,404,2012-03-01,2012-03-01,2016-11-18,guest@opensilex.org,test/m3p/2020/se20000006
6,http://www.opensilex.org/vocabulary/oeso#SensingDevice,a06_s1,ECOMAL France S.A.S.,VISHAY SPECTROL_631HE,405,2012-03-01,2012-03-01,2016-11-18,guest@opensilex.org,test/m3p/2020/se20000007
7,http://www.opensilex.org/vocabulary/oeso#SensingDevice,a07_s1,ECOMAL France S.A.S.,VISHAY SPECTROL_631HE,406,2012-03-01,2012-03-01,2016-11-18,guest@opensilex.org,test/m3p/2020/se20000008
8,http://www.opensilex.org/vocabulary/oeso#SensingDevice,a08_s1,ECOMAL France S.A.S.,VISHAY SPECTROL_631HE,407,2012-03-01,2012-03-01,2016-11-18,guest@opensilex.org,test/m3p/2020/se20000009
9,http://www.opensilex.org/vocabulary/oeso#SensingDevice,a09_s1,ECOMAL France S.A.S.,VISHAY SPECTROL_631HE,408,2012-03-01,2012-03-01,2016-11-18,guest@opensilex.org,test/m3p/2020/se20000010
10,http://www.opensilex.org/vocabulary/oeso#SensingDevice,a10_s1,ECOMAL France S.A.S.,VISHAY SPECTROL_631HE,409,2012-03-01,2012-03-01,2016-11-18,guest@opensilex.org,test/m3p/2020/se20000011
11,http://www.opensilex.org/vocabulary/oeso#SensingDevice,a11_s1,ECOMAL France S.A.S.,VISHAY SPECTROL_631HE,410,2012-03-01,2012-03-01,2016-11-18,guest@opensilex.org,test/m3p/2020/se20000012
12,http://www.opensilex.org/vocabulary/oeso#SensingDevice,a12_s1,ECOMAL France S.A.S.,VISHAY SPECTROL_631HE,411,2012-03-01,2012-03-01,2016-11-18,guest@opensilex.org,test/m3p/2020/se20000013
13,http://www.opensilex.org/vocabulary/oeso#SensingDevice,a13_s1,ECOMAL France S.A.S.,VISHAY SPECTROL_631HE,412,2012-03-01,2012-03-01,2016-11-18,guest@opensilex.org,test/m3p/2020/se20000014
14,http://www.opensilex.org/vocabulary/oeso#SensingDevice,a14_s1,ECOMAL France S.A.S.,VISHAY SPECTROL_631HE,413,2012-03-01,2012-03-01,2016-11-18,guest@opensilex.org,test/m3p/2020/se20000015
15,http://www.opensilex.org/vocabulary/oeso#SensingDevice,a15_s1,ECOMAL France S.A.S.,VISHAY SPECTROL_631HE,414,2012-03-01,2012-03-01,2016-11-18,guest@opensilex.org,test/m3p/2020/se20000016
16,http://www.opensilex.org/vocabulary/oeso#SensingDevice,a16_s1,ECOMAL France S.A.S.,VISHAY SPECTROL_631HE,415,2012-03-01,2012-03-01,2016-11-18,guest@opensilex.org,test/m3p/2020/se20000017
17,http://www.opensilex.org/vocabulary/oeso#SensingDevice,a17_s1,ECOMAL France S.A.S.,VISHAY SPECTROL_631HE,416,2012-03-01,2012-03-01,2016-11-18,guest@opensilex.org,test/m3p/2020/se20000018
18,http://www.opensilex.org/vocabulary/oeso#SensingDevice,a18_s1,ECOMAL France S.A.S.,VISHAY SPECTROL_631HE,417,2012-03-01,2012-03-01,2016-11-18,guest@opensilex.org,test/m3p/2020/se20000019
19,http://www.opensilex.org/vocabulary/oeso#SensingDevice,a19_s1,ECOMAL France S.A.S.,VISHAY SPECTROL_631HE,418,2012-03-01,2012-03-01,2016-11-18,guest@opensilex.org,test/m3p/2020/se20000020
20,http://www.opensilex.org/vocabulary/oeso#SensingDevice,a20_s1,ECOMAL France S.A.S.,VISHAY SPECTROL_631HE,419,2012-03-01,2012-03-01,2016-11-18,guest@opensilex.org,test/m3p/2020/se20000021
21,http://www.opensilex.org/vocabulary/oeso#SensingDevice,a21_s1,ECOMAL France S.A.S.,VISHAY SPECTROL_631HE,420,2012-03-01,2012-03-01,2016-11-18,guest@opensilex.org,test/m3p/2020/se20000022
22,http://www.opensilex.org/vocabulary/oeso#SensingDevice,aa01_s1,ECOMAL France S.A.S.,VISHAY SPECTROL_631HE,607,2012-03-01,2012-03-01,,guest@opensilex.org,test/m3p/2020/se20000023
23,http://www.opensilex.org/vocabulary/oeso#SensingDevice,aa02_s1,ECOMAL France S.A.S.,VISHAY SPECTROL_631HE,608,2012-03-01,2012-03-01,,guest@opensilex.org,test/m3p/2020/se20000024
24,http://www.opensilex.org/vocabulary/oeso#SensingDevice,aa03_s1,ECOMAL France S.A.S.,VISHAY SPECTROL_631HE,609,2012-03-01,2012-03-01,,guest@opensilex.org,test/m3p/2020/se20000025
25,http://www.opensilex.org/vocabulary/oeso#SensingDevice,aa04_s1,ECOMAL France S.A.S.,VISHAY SPECTROL_631HE,610,2012-03-01,2012-03-01,,guest@opensilex.org,test/m3p/2020/se20000026
26,http://www.opensilex.org/vocabulary/oeso#SensingDevice,aa05_s1,ECOMAL France S.A.S.,VISHAY SPECTROL_631HE,611,2012-03-01,2012-03-01,,guest@opensilex.org,test/m3p/2020/se20000027
27,http://www.opensilex.org/vocabulary/oeso#SensingDevice,aa06_s1,ECOMAL France S.A.S.,VISHAY SPECTROL_631HE,612,2012-03-01,2012-03-01,,guest@opensilex.org,test/m3p/2020/se20000028
28,http://www.opensilex.org/vocabulary/oeso#SensingDevice,aa07_s1,ECOMAL France S.A.S.,VISHAY SPECTROL_631HE,613,2012-03-01,2012-03-01,,guest@opensilex.org,test/m3p/2020/se20000029
29,http://www.opensilex.org/vocabulary/oeso#SensingDevice,aa08_s1,ECOMAL France S.A.S.,VISHAY SPECTROL_631HE,614,2012-03-01,2012-03-01,,guest@opensilex.org,test/m3p/2020/se20000030
30,http://www.opensilex.org/vocabulary/oeso#SensingDevice,aa09_s1,ECOMAL France S.A.S.,VISHAY SPECTROL_631HE,615,2012-03-01,2012-03-01,,guest@opensilex.org,test/m3p/2020/se20000031
31,http://www.opensilex.org/vocabulary/oeso#SensingDevice,aa10_s1,ECOMAL France S.A.S.,VISHAY SPECTROL_631HE,616,2012-03-01,2012-03-01,,guest@opensilex.org,test/m3p/2020/se20000032
32,http://www.opensilex.org/vocabulary/oeso#SensingDevice,aa11_s1,ECOMAL France S.A.S.,VISHAY SPECTROL_631HE,617,2012-03-01,2012-03-01,,guest@opensilex.org,test/m3p/2020/se20000033
33,http://www.opensilex.org/vocabulary/oeso#SensingDevice,aa12_s1,ECOMAL France S.A.S.,VISHAY SPECTROL_631HE,618,2012-03-01,2012-03-01,,guest@opensilex.org,test/m3p/2020/se20000034
34,http://www.opensilex.org/vocabulary/oeso#SensingDevice,aa13_s1,ECOMAL France S.A.S.,VISHAY SPECTROL_631HE,619,2012-03-01,2012-03-01,,guest@opensilex.org,test/m3p/2020/se20000035
35,http://www.opensilex.org/vocabulary/oeso#SensingDevice,aa14_s1,ECOMAL France S.A.S.,VISHAY SPECTROL_631HE,620,2012-03-01,2012-03-01,,guest@opensilex.org,test/m3p/2020/se20000036
36,http://www.opensilex.org/vocabulary/oeso#SensingDevice,aa15_s1,ECOMAL France S.A.S.,VISHAY SPECTROL_631HE,621,2012-03-01,2012-03-01,,guest@opensilex.org,test/m3p/2020/se20000037
37,http://www.opensilex.org/vocabulary/oeso#SensingDevice,aa16_s1,ECOMAL France S.A.S.,VISHAY SPECTROL_631HE,622,2012-03-01,2012-03-01,,guest@opensilex.org,test/m3p/2020/se20000038
38,http://www.opensilex.org/vocabulary/oeso#SensingDevice,aa17_s1,ECOMAL France S.A.S.,VISHAY SPECTROL_631HE,623,2012-03-01,2012-03-01,,guest@opensilex.org,test/m3p/2020/se20000039
39,http://www.opensilex.org/vocabulary/oeso#SensingDevice,aa18_s1,ECOMAL France S.A.S.,VISHAY SPECTROL_631HE,624,2012-03-01,2012-03-01,,guest@opensilex.org,test/m3p/2020/se20000040
40,http://www.opensilex.org/vocabulary/oeso#SensingDevice,aa19_s1,ECOMAL France S.A.S.,VISHAY SPECTROL_631HE,625,2012-03-01,2012-03-01,,guest@opensilex.org,test/m3p/2020/se20000041
41,http://www.opensilex.org/vocabulary/oeso#SensingDevice,aa20_s1,ECOMAL France S.A.S.,VISHAY SPECTROL_631HE,626,2012-03-01,2012-03-01,,guest@opensilex.org,test/m3p/2020/se20000042
42,http://www.opensilex.org/vocabulary/oeso#SensingDevice,aa21_s1,ECOMAL France S.A.S.,VISHAY SPECTROL_631HE,627,2012-03-01,2012-03-01,,guest@opensilex.org,test/m3p/2020/se20000043
43,http://www.opensilex.org/vocabulary/oeso#SensingDevice,ab01_s1,ECOMAL France S.A.S.,VISHAY SPECTROL_631HE,628,2012-03-01,2012-03-01,,guest@opensilex.org,test/m3p/2020/se20000044
44,http://www.opensilex.org/vocabulary/oeso#SensingDevice,ab02_s1,ECOMAL France S.A.S.,VISHAY SPECTROL_631HE,629,2012-03-01,2012-03-01,,guest@opensilex.org,test/m3p/2020/se20000045
45,http://www.opensilex.org/vocabulary/oeso#SensingDevice,ab03_s1,ECOMAL France S.A.S.,VISHAY SPECTROL_631HE,630,2012-03-01,2012-03-01,,guest@opensilex.org,test/m3p/2020/se20000046
46,http://www.opensilex.org/vocabulary/oeso#SensingDevice,ab04_s1,ECOMAL France S.A.S.,VISHAY SPECTROL_631HE,631,2012-03-01,2012-03-01,,guest@opensilex.org,test/m3p/2020/se20000047
47,http://www.opensilex.org/vocabulary/oeso#SensingDevice,ab05_s1,ECOMAL France S.A.S.,VISHAY SPECTROL_631HE,632,2012-03-01,2012-03-01,,guest@opensilex.org,test/m3p/2020/se20000048
48,http://www.opensilex.org/vocabulary/oeso#SensingDevice,ab06_s1,ECOMAL France S.A.S.,VISHAY SPECTROL_631HE,633,2012-03-01,2012-03-01,,guest@opensilex.org,test/m3p/2020/se20000049
49,http://www.opensilex.org/vocabulary/oeso#SensingDevice,ab07_s1,ECOMAL France S.A.S.,VISHAY SPECTROL_631HE,634,2012-03-01,2012-03-01,,guest@opensilex.org,test/m3p/2020/se20000050
50,http://www.opensilex.org/vocabulary/oeso#SensingDevice,ab08_s1,ECOMAL France S.A.S.,VISHAY SPECTROL_631HE,635,2012-03-01,2012-03-01,,guest@opensilex.org,test/m3p/2020/se20000051
51,http://www.opensilex.org/vocabulary/oeso#SensingDevice,ab09_s1,ECOMAL France S.A.S.,VISHAY SPECTROL_631HE,636,2012-03-01,2012-03-01,,guest@opensilex.org,test/m3p/2020/se20000052
52,http://www.opensilex.org/vocabulary/oeso#SensingDevice,ab10_s1,ECOMAL France S.A.S.,VISHAY SPECTROL_631HE,637,2012-03-01,2012-03-01,,guest@opensilex.org,test/m3p/2020/se20000053
53,http://www.opensilex.org/vocabulary/oeso#SensingDevice,ab11_s1,ECOMAL France S.A.S.,VISHAY SPECTROL_631HE,638,2012-03-01,2012-03-01,,guest@opensilex.org,test/m3p/2020/se20000054
54,http://www.opensilex.org/vocabulary/oeso#SensingDevice,ab12_s1,ECOMAL France S.A.S.,VISHAY SPECTROL_631HE,639,2012-03-01,2012-03-01,,guest@opensilex.org,test/m3p/2020/se20000055
55,http://www.opensilex.org/vocabulary/oeso#SensingDevice,ab13_s1,ECOMAL France S.A.S.,VISHAY SPECTROL_631HE,640,2012-03-01,2012-03-01,,guest@opensilex.org,test/m3p/2020/se20000056
56,http://www.opensilex.org/vocabulary/oeso#SensingDevice,ab14_s1,ECOMAL France S.A.S.,VISHAY SPECTROL_631HE,641,2012-03-01,2012-03-01,,guest@opensilex.org,test/m3p/2020/se20000057
57,http://www.opensilex.org/vocabulary/oeso#SensingDevice,ab15_s1,ECOMAL France S.A.S.,VISHAY SPECTROL_631HE,642,2012-03-01,2012-03-01,,guest@opensilex.org,test/m3p/2020/se20000058
58,http://www.opensilex.org/vocabulary/oeso#SensingDevice,ab16_s1,ECOMAL France S.A.S.,VISHAY SPECTROL_631HE,643,2012-03-01,2012-03-01,,guest@opensilex.org,test/m3p/2020/se20000059
59,http://www.opensilex.org/vocabulary/oeso#SensingDevice,ab17_s1,ECOMAL France S.A.S.,VISHAY SPECTROL_631HE,644,2012-03-01,2012-03-01,,guest@opensilex.org,test/m3p/2020/se20000060
60,http://www.opensilex.org/vocabulary/oeso#SensingDevice,ab18_s1,ECOMAL France S.A.S.,VISHAY SPECTROL_631HE,645,2012-03-01,2012-03-01,,guest@opensilex.org,test/m3p/2020/se20000061
61,http://www.opensilex.org/vocabulary/oeso#SensingDevice,ab19_s1,ECOMAL France S.A.S.,VISHAY SPECTROL_631HE,646,2012-03-01,2012-03-01,,guest@opensilex.org,test/m3p/2020/se20000062
62,http://www.opensilex.org/vocabulary/oeso#SensingDevice,ab20_s1,ECOMAL France S.A.S.,VISHAY SPECTROL_631HE,647,2012-03-01,2012-03-01,,guest@opensilex.org,test/m3p/2020/se20000063
63,http://www.opensilex.org/vocabulary/oeso#SensingDevice,ab21_s1,ECOMAL France S.A.S.,VISHAY SPECTROL_631HE,648,2012-03-01,2012-03-01,,guest@opensilex.org,test/m3p/2020/se20000064
64,http://www.opensilex.org/vocabulary/oeso#SensingDevice,b01_s1,ECOMAL France S.A.S.,VISHAY SPECTROL_631HE,253,2012-03-01,2012-03-01,,guest@opensilex.org,test/m3p/2020/se20000065
65,http://www.opensilex.org/vocabulary/oeso#SensingDevice,b02_s1,ECOMAL France S.A.S.,VISHAY SPECTROL_631HE,254,2012-03-01,2012-03-01,,guest@opensilex.org,test/m3p/2020/se20000066
66,http://www.opensilex.org/vocabulary/oeso#SensingDevice,b03_s1,ECOMAL France S.A.S.,VISHAY SPECTROL_631HE,255,2012-03-01,2012-03-01,,guest@opensilex.org,test/m3p/2020/se20000067
67,http://www.opensilex.org/vocabulary/oeso#SensingDevice,b04_s1,ECOMAL France S.A.S.,VISHAY SPECTROL_631HE,256,2012-03-01,2012-03-01,,guest@opensilex.org,test/m3p/2020/se20000068
68,http://www.opensilex.org/vocabulary/oeso#SensingDevice,b05_s1,ECOMAL France S.A.S.,VISHAY SPECTROL_631HE,257,2012-03-01,2012-03-01,,guest@opensilex.org,test/m3p/2020/se20000069
69,http://www.opensilex.org/vocabulary/oeso#SensingDevice,b06_s1,ECOMAL France S.A.S.,VISHAY SPECTROL_631HE,258,2012-03-01,2012-03-01,,guest@opensilex.org,test/m3p/2020/se20000070
70,http://www.opensilex.org/vocabulary/oeso#SensingDevice,b07_s1,ECOMAL France S.A.S.,VISHAY SPECTROL_631HE,259,2012-03-01,2012-03-01,,guest@opensilex.org,test/m3p/2020/se20000071
71,http://www.opensilex.org/vocabulary/oeso#SensingDevice,b08_s1,ECOMAL France S.A.S.,VISHAY SPECTROL_631HE,260,2012-03-01,2012-03-01,,guest@opensilex.org,test/m3p/2020/se20000072
72,http://www.opensilex.org/vocabulary/oeso#SensingDevice,b09_s1,ECOMAL France S.A.S.,VISHAY SPECTROL_631HE,261,2012-03-01,2012-03-01,,guest@opensilex.org,test/m3p/2020/se20000073
73,http://www.opensilex.org/vocabulary/oeso#SensingDevice,b10_s1,ECOMAL France S.A.S.,VISHAY SPECTROL_631HE,262,2012-03-01,2012-03-01,,guest@opensilex.org,test/m3p/2020/se20000074
74,http://www.opensilex.org/vocabulary/oeso#SensingDevice,b11_s1,ECOMAL France S.A.S.,VISHAY SPECTROL_631HE,263,2012-03-01,2012-03-01,,guest@opensilex.org,test/m3p/2020/se20000075
75,http://www.opensilex.org/vocabulary/oeso#SensingDevice,b12_s1,ECOMAL France S.A.S.,VISHAY SPECTROL_631HE,264,2012-03-01,2012-03-01,,guest@opensilex.org,test/m3p/2020/se20000076
76,http://www.opensilex.org/vocabulary/oeso#SensingDevice,b13_s1,ECOMAL France S.A.S.,VISHAY SPECTROL_631HE,265,2012-03-01,2012-03-01,,guest@opensilex.org,test/m3p/2020/se20000077
77,http://www.opensilex.org/vocabulary/oeso#SensingDevice,b14_s1,ECOMAL France S.A.S.,VISHAY SPECTROL_631HE,266,2012-03-01,2012-03-01,,guest@opensilex.org,test/m3p/2020/se20000078
78,http://www.opensilex.org/vocabulary/oeso#SensingDevice,b15_s1,ECOMAL France S.A.S.,VISHAY SPECTROL_631HE,267,2012-03-01,2012-03-01,,guest@opensilex.org,test/m3p/2020/se20000079
79,http://www.opensilex.org/vocabulary/oeso#SensingDevice,b16_s1,ECOMAL France S.A.S.,VISHAY SPECTROL_631HE,268,2012-03-01,2012-03-01,,guest@opensilex.org,test/m3p/2020/se20000080
80,http://www.opensilex.org/vocabulary/oeso#SensingDevice,b17_s1,ECOMAL France S.A.S.,VISHAY SPECTROL_631HE,269,2012-03-01,2012-03-01,,guest@opensilex.org,test/m3p/2020/se20000081
81,http://www.opensilex.org/vocabulary/oeso#SensingDevice,b18_s1,ECOMAL France S.A.S.,VISHAY SPECTROL_631HE,270,2012-03-01,2012-03-01,,guest@opensilex.org,test/m3p/2020/se20000082
82,http://www.opensilex.org/vocabulary/oeso#SensingDevice,b19_s1,ECOMAL France S.A.S.,VISHAY SPECTROL_631HE,271,2012-03-01,2012-03-01,,guest@opensilex.org,test/m3p/2020/se20000083
83,http://www.opensilex.org/vocabulary/oeso#SensingDevice,b20_s1,ECOMAL France S.A.S.,VISHAY SPECTROL_631HE,272,2012-03-01,2012-03-01,,guest@opensilex.org,test/m3p/2020/se20000084
84,http://www.opensilex.org/vocabulary/oeso#SensingDevice,b21_s1,ECOMAL France S.A.S.,VISHAY SPECTROL_631HE,273,2012-03-01,2012-03-01,,guest@opensilex.org,test/m3p/2020/se20000085
85,http://www.opensilex.org/vocabulary/oeso#SensingDevice,c01_s1,ECOMAL France S.A.S.,VISHAY SPECTROL_631HE,85,2012-03-01,2012-03-01,,guest@opensilex.org,test/m3p/2020/se20000086
86,http://www.opensilex.org/vocabulary/oeso#SensingDevice,c02_s1,ECOMAL France S.A.S.,VISHAY SPECTROL_631HE,86,2012-03-01,2012-03-01,,guest@opensilex.org,test/m3p/2020/se20000087
87,http://www.opensilex.org/vocabulary/oeso#SensingDevice,c03_s1,ECOMAL France S.A.S.,VISHAY SPECTROL_631HE,87,2012-03-01,2012-03-01,,guest@opensilex.org,test/m3p/2020/se20000088
88,http://www.opensilex.org/vocabulary/oeso#SensingDevice,c04_s1,ECOMAL France S.A.S.,VISHAY SPECTROL_631HE,88,2012-03-01,2012-03-01,,guest@opensilex.org,test/m3p/2020/se20000089
89,http://www.opensilex.org/vocabulary/oeso#SensingDevice,c05_s1,ECOMAL France S.A.S.,VISHAY SPECTROL_631HE,89,2012-03-01,2012-03-01,,guest@opensilex.org,test/m3p/2020/se20000090
90,http://www.opensilex.org/vocabulary/oeso#SensingDevice,c06_s1,ECOMAL France S.A.S.,VISHAY SPECTROL_631HE,90,2012-03-01,2012-03-01,,guest@opensilex.org,test/m3p/2020/se20000091
91,http://www.opensilex.org/vocabulary/oeso#SensingDevice,c07_s1,ECOMAL France S.A.S.,VISHAY SPECTROL_631HE,91,2012-03-01,2012-03-01,,guest@opensilex.org,test/m3p/2020/se20000092
92,http://www.opensilex.org/vocabulary/oeso#SensingDevice,c08_s1,ECOMAL France S.A.S.,VISHAY SPECTROL_631HE,92,2012-03-01,2012-03-01,,guest@opensilex.org,test/m3p/2020/se20000093
93,http://www.opensilex.org/vocabulary/oeso#SensingDevice,c09_s1,ECOMAL France S.A.S.,VISHAY SPECTROL_631HE,93,2012-03-01,2012-03-01,,guest@opensilex.org,test/m3p/2020/se20000094
94,http://www.opensilex.org/vocabulary/oeso#SensingDevice,c10_s1,ECOMAL France S.A.S.,VISHAY SPECTROL_631HE,94,2012-03-01,2012-03-01,,guest@opensilex.org,test/m3p/2020/se20000095
95,http://www.opensilex.org/vocabulary/oeso#SensingDevice,c11_s1,ECOMAL France S.A.S.,VISHAY SPECTROL_631HE,95,2012-03-01,2012-03-01,,guest@opensilex.org,test/m3p/2020/se20000096
96,http://www.opensilex.org/vocabulary/oeso#SensingDevice,c12_s1,ECOMAL France S.A.S.,VISHAY SPECTROL_631HE,96,2012-03-01,2012-03-01,,guest@opensilex.org,test/m3p/2020/se20000097
97,http://www.opensilex.org/vocabulary/oeso#SensingDevice,c13_s1,ECOMAL France S.A.S.,VISHAY SPECTROL_631HE,97,2012-03-01,2012-03-01,,guest@opensilex.org,test/m3p/2020/se20000098
98,http://www.opensilex.org/vocabulary/oeso#SensingDevice,c14_s1,ECOMAL France S.A.S.,VISHAY SPECTROL_631HE,98,2012-03-01,2012-03-01,,guest@opensilex.org,test/m3p/2020/se20000099
99,http://www.opensilex.org/vocabulary/oeso#SensingDevice,c15_s1,ECOMAL France S.A.S.,VISHAY SPECTROL_631HE,99,2012-03-01,2012-03-01,,guest@opensilex.org,test/m3p/2020/se20000100
