,Alias,Type,Experiment,Species,Variety,ExperimentModalities,Repetition,URI
0,1/DZ_PG_67/ZM4394/WW/1/DIA2017-05-19,Plot,DIA2017,Maize,iPG310,WW,1,test/KMS tirpitz/1/DZ_PG_67/ZM4394/WW/1/DIA2017-05-19
1,2/DZ_PG_30/ZM4361/WW/1/DIA2017-05-19,Plot,DIA2017,Maize,iPG152,WW,1,test/KMS tirpitz/2/DZ_PG_30/ZM4361/WW/1/DIA2017-05-19
2,3/DZ_PG_49/ZM4389/WW/1/DIA2017-05-19,Plot,DIA2017,Maize,iPG228,WW,1,test/KMS tirpitz/3/DZ_PG_49/ZM4389/WW/1/DIA2017-05-19
3,4/DZ_PG_66/ZM4391/WW/1/DIA2017-05-19,Plot,DIA2017,Maize,iPG318,WW,1,test/KMS tirpitz/4/DZ_PG_66/ZM4391/WW/1/DIA2017-05-19
4,5/DZ_PG_20/ZM4344/WW/1/DIA2017-05-19,Plot,DIA2017,Maize,iPG119,WW,1,test/KMS tirpitz/5/DZ_PG_20/ZM4344/WW/1/DIA2017-05-19
5,6/DKC4590/XXXX/WW/1/DIA2017-05-19,Plot,DIA2017,Maize,DKC4590,WW,1,test/KMS tirpitz/6/DKC4590/XXXX/WW/1/DIA2017-05-19
6,7/DKC4590/XXXX/WW/1/DIA2017-05-19,Plot,DIA2017,Maize,DKC4590,WW,1,test/KMS tirpitz/7/DKC4590/XXXX/WW/1/DIA2017-05-19
7,8/DZ_PG_02/ZM4356/WW/1/DIA2017-05-19,Plot,DIA2017,Maize,iPG007,WW,1,test/KMS tirpitz/8/DZ_PG_02/ZM4356/WW/1/DIA2017-05-19
8,9/DZ_PG_16/ZM4359/WW/1/DIA2017-05-19,Plot,DIA2017,Maize,iPG109,WW,1,test/KMS tirpitz/9/DZ_PG_16/ZM4359/WW/1/DIA2017-05-19
9,10/DZ_PG_48/ZM4421/WW/1/DIA2017-05-19,Plot,DIA2017,Maize,iPG216,WW,1,test/KMS tirpitz/10/DZ_PG_48/ZM4421/WW/1/DIA2017-05-19
10,11/DZ_PG_25/ZM4382/WW/1/DIA2017-05-19,Plot,DIA2017,Maize,iPG136,WW,1,test/KMS tirpitz/11/DZ_PG_25/ZM4382/WW/1/DIA2017-05-19
11,12/DZ_PG_10/ZM4365/WW/1/DIA2017-05-19,Plot,DIA2017,Maize,iPG073,WW,1,test/KMS tirpitz/12/DZ_PG_10/ZM4365/WW/1/DIA2017-05-19
12,13/DZ_PG_24/ZM4342/WW/1/DIA2017-05-19,Plot,DIA2017,Maize,iPG131,WW,1,test/KMS tirpitz/13/DZ_PG_24/ZM4342/WW/1/DIA2017-05-19
13,14/DZ_PG_22/ZM4349/WW/1/DIA2017-05-19,Plot,DIA2017,Maize,iPG121,WW,1,test/KMS tirpitz/14/DZ_PG_22/ZM4349/WW/1/DIA2017-05-19
14,15/DZ_PG_54/ZM4346/WW/1/DIA2017-05-19,Plot,DIA2017,Maize,iPG116,WW,1,test/KMS tirpitz/15/DZ_PG_54/ZM4346/WW/1/DIA2017-05-19
15,16/DZ_PG_62/ZM4393/WW/1/DIA2017-05-19,Plot,DIA2017,Maize,iPG303,WW,1,test/KMS tirpitz/16/DZ_PG_62/ZM4393/WW/1/DIA2017-05-19
16,17/DZ_PG_37/ZM4364/WW/1/DIA2017-05-19,Plot,DIA2017,Maize,iPG167,WW,1,test/KMS tirpitz/17/DZ_PG_37/ZM4364/WW/1/DIA2017-05-19
17,18/DZ_PG_53/ZM4345/WW/1/DIA2017-05-19,Plot,DIA2017,Maize,iPG190,WW,1,test/KMS tirpitz/18/DZ_PG_53/ZM4345/WW/1/DIA2017-05-19
18,19/DZ_PG_69/ZM4396/WW/1/DIA2017-05-19,Plot,DIA2017,Maize,iPG312,WW,1,test/KMS tirpitz/19/DZ_PG_69/ZM4396/WW/1/DIA2017-05-19
19,20/DKC4590/XXXX/WW/1/DIA2017-05-19,Plot,DIA2017,Maize,DKC4590,WW,1,test/KMS tirpitz/20/DKC4590/XXXX/WW/1/DIA2017-05-19
20,21/DZ_PG_26/ZM4387/WW/1/DIA2017-05-19,Plot,DIA2017,Maize,iPG138,WW,1,test/KMS tirpitz/21/DZ_PG_26/ZM4387/WW/1/DIA2017-05-19
21,22/DZ_PG_50/ZM4363/WW/1/DIA2017-05-19,Plot,DIA2017,Maize,iPG233,WW,1,test/KMS tirpitz/22/DZ_PG_50/ZM4363/WW/1/DIA2017-05-19
22,23/DZ_PG_08/ZM4343/WW/1/DIA2017-05-19,Plot,DIA2017,Maize,iPG063,WW,1,test/KMS tirpitz/23/DZ_PG_08/ZM4343/WW/1/DIA2017-05-19
23,24/DZ_PG_19/ZM4367/WW/1/DIA2017-05-19,Plot,DIA2017,Maize,iPG117,WW,1,test/KMS tirpitz/24/DZ_PG_19/ZM4367/WW/1/DIA2017-05-19
24,25/DZ_PG_51/ZM4350/WW/1/DIA2017-05-19,Plot,DIA2017,Maize,iPG234,WW,1,test/KMS tirpitz/25/DZ_PG_51/ZM4350/WW/1/DIA2017-05-19
25,26/DZ_PG_12/ZM1304_lot1/WW/1/DIA2017-05-19,Plot,DIA2017,Maize,iPG082,WW,1,test/KMS tirpitz/26/DZ_PG_12/ZM1304_lot1/WW/1/DIA2017-05-19
26,27/DZ_PG_74/ZM4397/WW/1/DIA2017-05-19,Plot,DIA2017,Maize,iPG313,WW,1,test/KMS tirpitz/27/DZ_PG_74/ZM4397/WW/1/DIA2017-05-19
27,28/DZ_PG_72/ZM4398/WW/1/DIA2017-05-19,Plot,DIA2017,Maize,iPG314,WW,1,test/KMS tirpitz/28/DZ_PG_72/ZM4398/WW/1/DIA2017-05-19
28,29/DZ_PG_47/ZM4362/WW/1/DIA2017-05-19,Plot,DIA2017,Maize,iPG202,WW,1,test/KMS tirpitz/29/DZ_PG_47/ZM4362/WW/1/DIA2017-05-19
29,30/DZ_PG_04/ZM4366/WW/1/DIA2017-05-19,Plot,DIA2017,Maize,iPG321,WW,1,test/KMS tirpitz/30/DZ_PG_04/ZM4366/WW/1/DIA2017-05-19
30,31/DZ_PG_62/ZM4393/WW/1/DIA2017-05-19,Plot,DIA2017,Maize,iPG303,WW,1,test/KMS tirpitz/31/DZ_PG_62/ZM4393/WW/1/DIA2017-05-19
31,32/DZ_PG_03/ZM4377/WW/1/DIA2017-05-19,Plot,DIA2017,Maize,iPG017,WW,1,test/KMS tirpitz/32/DZ_PG_03/ZM4377/WW/1/DIA2017-05-19
32,33/DZ_PG_40/ZM4390/WW/1/DIA2017-05-19,Plot,DIA2017,Maize,iPG176,WW,1,test/KMS tirpitz/33/DZ_PG_40/ZM4390/WW/1/DIA2017-05-19
33,34/DZ_PG_14/ZM4375/WW/1/DIA2017-05-19,Plot,DIA2017,Maize,iPG101,WW,1,test/KMS tirpitz/34/DZ_PG_14/ZM4375/WW/1/DIA2017-05-19
34,35/DZ_PG_33/ZM4353/WW/1/DIA2017-05-19,Plot,DIA2017,Maize,iPG158,WW,1,test/KMS tirpitz/35/DZ_PG_33/ZM4353/WW/1/DIA2017-05-19
35,36/DZ_PG_17/ZM4348/WW/1/DIA2017-05-19,Plot,DIA2017,Maize,iPG110,WW,1,test/KMS tirpitz/36/DZ_PG_17/ZM4348/WW/1/DIA2017-05-19
36,37/DZ_PG_43/ZM4380/WW/1/DIA2017-05-19,Plot,DIA2017,Maize,iPG188,WW,1,test/KMS tirpitz/37/DZ_PG_43/ZM4380/WW/1/DIA2017-05-19
37,38/DZ_PG_21/ZM4360/WW/1/DIA2017-05-19,Plot,DIA2017,Maize,iPG120,WW,1,test/KMS tirpitz/38/DZ_PG_21/ZM4360/WW/1/DIA2017-05-19
38,39/DZ_PG_23/ZM4388/WW/1/DIA2017-05-19,Plot,DIA2017,Maize,iPG128,WW,1,test/KMS tirpitz/39/DZ_PG_23/ZM4388/WW/1/DIA2017-05-19
39,40/DZ_PG_09/ZM4368/WW/1/DIA2017-05-19,Plot,DIA2017,Maize,iPG066,WW,1,test/KMS tirpitz/40/DZ_PG_09/ZM4368/WW/1/DIA2017-05-19
40,41/DZ_PG_01/ZM4381/WW/1/DIA2017-05-19,Plot,DIA2017,Maize,iPG004,WW,1,test/KMS tirpitz/41/DZ_PG_01/ZM4381/WW/1/DIA2017-05-19
41,42/DZ_PG_68/ZM4395/WW/1/DIA2017-05-19,Plot,DIA2017,Maize,iPG311,WW,1,test/KMS tirpitz/42/DZ_PG_68/ZM4395/WW/1/DIA2017-05-19
42,43/DZ_PG_39/ZM4371/WW/1/DIA2017-05-19,Plot,DIA2017,Maize,iPG173,WW,1,test/KMS tirpitz/43/DZ_PG_39/ZM4371/WW/1/DIA2017-05-19
43,44/DZ_PG_34/ZM4384/WW/1/DIA2017-05-19,Plot,DIA2017,Maize,iPG159,WW,1,test/KMS tirpitz/44/DZ_PG_34/ZM4384/WW/1/DIA2017-05-19
44,45/DKC4590/XXXX/WW/1/DIA2017-05-19,Plot,DIA2017,Maize,DKC4590,WW,1,test/KMS tirpitz/45/DKC4590/XXXX/WW/1/DIA2017-05-19
45,46/DKC4590/XXXX/WW/1/DIA2017-05-19,Plot,DIA2017,Maize,DKC4590,WW,1,test/KMS tirpitz/46/DKC4590/XXXX/WW/1/DIA2017-05-19
46,47/DZ_PG_36/ZM4372/WW/1/DIA2017-05-19,Plot,DIA2017,Maize,iPG165,WW,1,test/KMS tirpitz/47/DZ_PG_36/ZM4372/WW/1/DIA2017-05-19
47,48/DZ_PG_41/ZM4378/WW/1/DIA2017-05-19,Plot,DIA2017,Maize,iPG181,WW,1,test/KMS tirpitz/48/DZ_PG_41/ZM4378/WW/1/DIA2017-05-19
48,49/DZ_PG_07/ZM4351/WW/1/DIA2017-05-19,Plot,DIA2017,Maize,iPG062,WW,1,test/KMS tirpitz/49/DZ_PG_07/ZM4351/WW/1/DIA2017-05-19
49,50/DZ_PG_62/ZM4393/WW/1/DIA2017-05-19,Plot,DIA2017,Maize,iPG303,WW,1,test/KMS tirpitz/50/DZ_PG_62/ZM4393/WW/1/DIA2017-05-19
50,51/DZ_PG_52/ZM4370/WW/1/DIA2017-05-19,Plot,DIA2017,Maize,iPG239,WW,1,test/KMS tirpitz/51/DZ_PG_52/ZM4370/WW/1/DIA2017-05-19
51,52/DZ_PG_55/ZM4355/WW/1/DIA2017-05-19,Plot,DIA2017,Maize,iPG146,WW,1,test/KMS tirpitz/52/DZ_PG_55/ZM4355/WW/1/DIA2017-05-19
52,53/DZ_PG_13/ZM4379/WW/1/DIA2017-05-19,Plot,DIA2017,Maize,iPG089,WW,1,test/KMS tirpitz/53/DZ_PG_13/ZM4379/WW/1/DIA2017-05-19
53,54/DZ_PG_45/ZM4385/WW/1/DIA2017-05-19,Plot,DIA2017,Maize,iPG194,WW,1,test/KMS tirpitz/54/DZ_PG_45/ZM4385/WW/1/DIA2017-05-19
54,55/DZ_PG_11/ZM4386/WW/1/DIA2017-05-19,Plot,DIA2017,Maize,iPG077,WW,1,test/KMS tirpitz/55/DZ_PG_11/ZM4386/WW/1/DIA2017-05-19
55,56/DZ_PG_05/ZM4357/WW/1/DIA2017-05-19,Plot,DIA2017,Maize,iPG026,WW,1,test/KMS tirpitz/56/DZ_PG_05/ZM4357/WW/1/DIA2017-05-19
56,57/DZ_PG_27/ZM4354/WW/1/DIA2017-05-19,Plot,DIA2017,Maize,iPG103,WW,1,test/KMS tirpitz/57/DZ_PG_27/ZM4354/WW/1/DIA2017-05-19
57,58/DZ_PG_35/ZM4358/WW/1/DIA2017-05-19,Plot,DIA2017,Maize,iPG164,WW,1,test/KMS tirpitz/58/DZ_PG_35/ZM4358/WW/1/DIA2017-05-19
58,59/DZ_PG_44/ZM4369/WW/1/DIA2017-05-19,Plot,DIA2017,Maize,iPG189,WW,1,test/KMS tirpitz/59/DZ_PG_44/ZM4369/WW/1/DIA2017-05-19
59,60/DZ_PG_32/ZM4352/WW/1/DIA2017-05-19,Plot,DIA2017,Maize,iPG155,WW,1,test/KMS tirpitz/60/DZ_PG_32/ZM4352/WW/1/DIA2017-05-19
60,61/DZ_PG_31/ZM4347/WW/1/DIA2017-05-19,Plot,DIA2017,Maize,iPG153,WW,1,test/KMS tirpitz/61/DZ_PG_31/ZM4347/WW/1/DIA2017-05-19
61,62/DZ_PG_63/ZM4392/WW/1/DIA2017-05-19,Plot,DIA2017,Maize,iPG304,WW,1,test/KMS tirpitz/62/DZ_PG_63/ZM4392/WW/1/DIA2017-05-19
62,63/DZ_PG_06/ZM4376/WW/1/DIA2017-05-19,Plot,DIA2017,Maize,iPG029,WW,1,test/KMS tirpitz/63/DZ_PG_06/ZM4376/WW/1/DIA2017-05-19
63,64/DZ_PG_67/ZM4394/WW/1/DIA2017-05-19,Plot,DIA2017,Maize,iPG310,WW,1,test/KMS tirpitz/64/DZ_PG_67/ZM4394/WW/1/DIA2017-05-19
64,65/DZ_PG_46/ZM4374/WW/1/DIA2017-05-19,Plot,DIA2017,Maize,iPG195,WW,1,test/KMS tirpitz/65/DZ_PG_46/ZM4374/WW/1/DIA2017-05-19
65,66/DZ_PG_26/ZM4387/WW/2/DIA2017-05-19,Plot,DIA2017,Maize,iPG138,WW,2,test/KMS tirpitz/66/DZ_PG_26/ZM4387/WW/2/DIA2017-05-19
66,67/DZ_PG_55/ZM4355/WW/2/DIA2017-05-19,Plot,DIA2017,Maize,iPG146,WW,2,test/KMS tirpitz/67/DZ_PG_55/ZM4355/WW/2/DIA2017-05-19
67,68/DZ_PG_03/ZM4377/WW/2/DIA2017-05-19,Plot,DIA2017,Maize,iPG017,WW,2,test/KMS tirpitz/68/DZ_PG_03/ZM4377/WW/2/DIA2017-05-19
68,69/DZ_PG_32/ZM4352/WW/2/DIA2017-05-19,Plot,DIA2017,Maize,iPG155,WW,2,test/KMS tirpitz/69/DZ_PG_32/ZM4352/WW/2/DIA2017-05-19
69,70/DZ_PG_43/ZM4380/WW/2/DIA2017-05-19,Plot,DIA2017,Maize,iPG188,WW,2,test/KMS tirpitz/70/DZ_PG_43/ZM4380/WW/2/DIA2017-05-19
70,71/DZ_PG_12/ZM1304_lot1/WW/2/DIA2017-05-19,Plot,DIA2017,Maize,iPG082,WW,2,test/KMS tirpitz/71/DZ_PG_12/ZM1304_lot1/WW/2/DIA2017-05-19
71,72/DZ_PG_39/ZM4371/WW/2/DIA2017-05-19,Plot,DIA2017,Maize,iPG173,WW,2,test/KMS tirpitz/72/DZ_PG_39/ZM4371/WW/2/DIA2017-05-19
72,73/DZ_PG_17/ZM4348/WW/2/DIA2017-05-19,Plot,DIA2017,Maize,iPG110,WW,2,test/KMS tirpitz/73/DZ_PG_17/ZM4348/WW/2/DIA2017-05-19
73,74/DZ_PG_20/ZM4344/WW/2/DIA2017-05-19,Plot,DIA2017,Maize,iPG119,WW,2,test/KMS tirpitz/74/DZ_PG_20/ZM4344/WW/2/DIA2017-05-19
74,75/DZ_PG_69/ZM4396/WW/2/DIA2017-05-19,Plot,DIA2017,Maize,iPG312,WW,2,test/KMS tirpitz/75/DZ_PG_69/ZM4396/WW/2/DIA2017-05-19
75,76/DZ_PG_31/ZM4347/WW/2/DIA2017-05-19,Plot,DIA2017,Maize,iPG153,WW,2,test/KMS tirpitz/76/DZ_PG_31/ZM4347/WW/2/DIA2017-05-19
76,77/DZ_PG_37/ZM4364/WW/2/DIA2017-05-19,Plot,DIA2017,Maize,iPG167,WW,2,test/KMS tirpitz/77/DZ_PG_37/ZM4364/WW/2/DIA2017-05-19
77,78/DZ_PG_40/ZM4390/WW/2/DIA2017-05-19,Plot,DIA2017,Maize,iPG176,WW,2,test/KMS tirpitz/78/DZ_PG_40/ZM4390/WW/2/DIA2017-05-19
78,79/DZ_PG_50/ZM4363/WW/2/DIA2017-05-19,Plot,DIA2017,Maize,iPG233,WW,2,test/KMS tirpitz/79/DZ_PG_50/ZM4363/WW/2/DIA2017-05-19
79,80/DZ_PG_68/ZM4395/WW/2/DIA2017-05-19,Plot,DIA2017,Maize,iPG311,WW,2,test/KMS tirpitz/80/DZ_PG_68/ZM4395/WW/2/DIA2017-05-19
80,81/DZ_PG_10/ZM4365/WW/2/DIA2017-05-19,Plot,DIA2017,Maize,iPG073,WW,2,test/KMS tirpitz/81/DZ_PG_10/ZM4365/WW/2/DIA2017-05-19
81,82/DZ_PG_54/ZM4346/WW/2/DIA2017-05-19,Plot,DIA2017,Maize,iPG116,WW,2,test/KMS tirpitz/82/DZ_PG_54/ZM4346/WW/2/DIA2017-05-19
82,83/DZ_PG_36/ZM4372/WW/2/DIA2017-05-19,Plot,DIA2017,Maize,iPG165,WW,2,test/KMS tirpitz/83/DZ_PG_36/ZM4372/WW/2/DIA2017-05-19
83,84/DZ_PG_67/ZM4394/WW/2/DIA2017-05-19,Plot,DIA2017,Maize,iPG310,WW,2,test/KMS tirpitz/84/DZ_PG_67/ZM4394/WW/2/DIA2017-05-19
84,85/DKC4590/XXXX/WW/2/DIA2017-05-19,Plot,DIA2017,Maize,DKC4590,WW,2,test/KMS tirpitz/85/DKC4590/XXXX/WW/2/DIA2017-05-19
85,86/DKC4590/XXXX/WW/2/DIA2017-05-19,Plot,DIA2017,Maize,DKC4590,WW,2,test/KMS tirpitz/86/DKC4590/XXXX/WW/2/DIA2017-05-19
86,87/DZ_PG_47/ZM4362/WW/2/DIA2017-05-19,Plot,DIA2017,Maize,iPG202,WW,2,test/KMS tirpitz/87/DZ_PG_47/ZM4362/WW/2/DIA2017-05-19
87,88/DZ_PG_67/ZM4394/WW/2/DIA2017-05-19,Plot,DIA2017,Maize,iPG310,WW,2,test/KMS tirpitz/88/DZ_PG_67/ZM4394/WW/2/DIA2017-05-19
88,89/DZ_PG_22/ZM4349/WW/2/DIA2017-05-19,Plot,DIA2017,Maize,iPG121,WW,2,test/KMS tirpitz/89/DZ_PG_22/ZM4349/WW/2/DIA2017-05-19
89,90/DZ_PG_35/ZM4358/WW/2/DIA2017-05-19,Plot,DIA2017,Maize,iPG164,WW,2,test/KMS tirpitz/90/DZ_PG_35/ZM4358/WW/2/DIA2017-05-19
90,91/DZ_PG_49/ZM4389/WW/2/DIA2017-05-19,Plot,DIA2017,Maize,iPG228,WW,2,test/KMS tirpitz/91/DZ_PG_49/ZM4389/WW/2/DIA2017-05-19
91,92/DZ_PG_53/ZM4345/WW/2/DIA2017-05-19,Plot,DIA2017,Maize,iPG190,WW,2,test/KMS tirpitz/92/DZ_PG_53/ZM4345/WW/2/DIA2017-05-19
92,93/DZ_PG_41/ZM4378/WW/2/DIA2017-05-19,Plot,DIA2017,Maize,iPG181,WW,2,test/KMS tirpitz/93/DZ_PG_41/ZM4378/WW/2/DIA2017-05-19
93,94/DZ_PG_21/ZM4360/WW/2/DIA2017-05-19,Plot,DIA2017,Maize,iPG120,WW,2,test/KMS tirpitz/94/DZ_PG_21/ZM4360/WW/2/DIA2017-05-19
94,95/DZ_PG_51/ZM4350/WW/2/DIA2017-05-19,Plot,DIA2017,Maize,iPG234,WW,2,test/KMS tirpitz/95/DZ_PG_51/ZM4350/WW/2/DIA2017-05-19
95,96/DZ_PG_27/ZM4354/WW/2/DIA2017-05-19,Plot,DIA2017,Maize,iPG103,WW,2,test/KMS tirpitz/96/DZ_PG_27/ZM4354/WW/2/DIA2017-05-19
96,97/DZ_PG_45/ZM4385/WW/2/DIA2017-05-19,Plot,DIA2017,Maize,iPG194,WW,2,test/KMS tirpitz/97/DZ_PG_45/ZM4385/WW/2/DIA2017-05-19
97,98/DKC4590/XXXX/WW/2/DIA2017-05-19,Plot,DIA2017,Maize,DKC4590,WW,2,test/KMS tirpitz/98/DKC4590/XXXX/WW/2/DIA2017-05-19
98,99/DZ_PG_30/ZM4361/WW/2/DIA2017-05-19,Plot,DIA2017,Maize,iPG152,WW,2,test/KMS tirpitz/99/DZ_PG_30/ZM4361/WW/2/DIA2017-05-19
99,100/DZ_PG_16/ZM4359/WW/2/DIA2017-05-19,Plot,DIA2017,Maize,iPG109,WW,2,test/KMS tirpitz/100/DZ_PG_16/ZM4359/WW/2/DIA2017-05-19
100,101/DZ_PG_11/ZM4386/WW/2/DIA2017-05-19,Plot,DIA2017,Maize,iPG077,WW,2,test/KMS tirpitz/101/DZ_PG_11/ZM4386/WW/2/DIA2017-05-19
101,102/DZ_PG_13/ZM4379/WW/2/DIA2017-05-19,Plot,DIA2017,Maize,iPG089,WW,2,test/KMS tirpitz/102/DZ_PG_13/ZM4379/WW/2/DIA2017-05-19
102,103/DZ_PG_48/ZM4421/WW/2/DIA2017-05-19,Plot,DIA2017,Maize,iPG216,WW,2,test/KMS tirpitz/103/DZ_PG_48/ZM4421/WW/2/DIA2017-05-19
103,104/DZ_PG_14/ZM4375/WW/2/DIA2017-05-19,Plot,DIA2017,Maize,iPG101,WW,2,test/KMS tirpitz/104/DZ_PG_14/ZM4375/WW/2/DIA2017-05-19
104,105/DZ_PG_02/ZM4356/WW/2/DIA2017-05-19,Plot,DIA2017,Maize,iPG007,WW,2,test/KMS tirpitz/105/DZ_PG_02/ZM4356/WW/2/DIA2017-05-19
105,106/DZ_PG_24/ZM4342/WW/2/DIA2017-05-19,Plot,DIA2017,Maize,iPG131,WW,2,test/KMS tirpitz/106/DZ_PG_24/ZM4342/WW/2/DIA2017-05-19
106,107/DZ_PG_52/ZM4370/WW/2/DIA2017-05-19,Plot,DIA2017,Maize,iPG239,WW,2,test/KMS tirpitz/107/DZ_PG_52/ZM4370/WW/2/DIA2017-05-19
107,108/DZ_PG_34/ZM4384/WW/2/DIA2017-05-19,Plot,DIA2017,Maize,iPG159,WW,2,test/KMS tirpitz/108/DZ_PG_34/ZM4384/WW/2/DIA2017-05-19
108,109/DZ_PG_46/ZM4374/WW/2/DIA2017-05-19,Plot,DIA2017,Maize,iPG195,WW,2,test/KMS tirpitz/109/DZ_PG_46/ZM4374/WW/2/DIA2017-05-19
109,110/DKC4590/XXXX/WW/2/DIA2017-05-19,Plot,DIA2017,Maize,DKC4590,WW,2,test/KMS tirpitz/110/DKC4590/XXXX/WW/2/DIA2017-05-19
110,111/DKC4590/XXXX/WW/2/DIA2017-05-19,Plot,DIA2017,Maize,DKC4590,WW,2,test/KMS tirpitz/111/DKC4590/XXXX/WW/2/DIA2017-05-19
111,112/DZ_PG_63/ZM4392/WW/2/DIA2017-05-19,Plot,DIA2017,Maize,iPG304,WW,2,test/KMS tirpitz/112/DZ_PG_63/ZM4392/WW/2/DIA2017-05-19
112,113/DZ_PG_06/ZM4376/WW/2/DIA2017-05-19,Plot,DIA2017,Maize,iPG029,WW,2,test/KMS tirpitz/113/DZ_PG_06/ZM4376/WW/2/DIA2017-05-19
113,114/DZ_PG_33/ZM4353/WW/2/DIA2017-05-19,Plot,DIA2017,Maize,iPG158,WW,2,test/KMS tirpitz/114/DZ_PG_33/ZM4353/WW/2/DIA2017-05-19
114,115/DZ_PG_09/ZM4368/WW/2/DIA2017-05-19,Plot,DIA2017,Maize,iPG066,WW,2,test/KMS tirpitz/115/DZ_PG_09/ZM4368/WW/2/DIA2017-05-19
115,116/DZ_PG_08/ZM4343/WW/2/DIA2017-05-19,Plot,DIA2017,Maize,iPG063,WW,2,test/KMS tirpitz/116/DZ_PG_08/ZM4343/WW/2/DIA2017-05-19
116,117/DZ_PG_23/ZM4388/WW/2/DIA2017-05-19,Plot,DIA2017,Maize,iPG128,WW,2,test/KMS tirpitz/117/DZ_PG_23/ZM4388/WW/2/DIA2017-05-19
117,118/DZ_PG_74/ZM4397/WW/2/DIA2017-05-19,Plot,DIA2017,Maize,iPG313,WW,2,test/KMS tirpitz/118/DZ_PG_74/ZM4397/WW/2/DIA2017-05-19
118,119/DZ_PG_62/ZM4393/WW/2/DIA2017-05-19,Plot,DIA2017,Maize,iPG303,WW,2,test/KMS tirpitz/119/DZ_PG_62/ZM4393/WW/2/DIA2017-05-19
119,120/DZ_PG_62/ZM4393/WW/2/DIA2017-05-19,Plot,DIA2017,Maize,iPG303,WW,2,test/KMS tirpitz/120/DZ_PG_62/ZM4393/WW/2/DIA2017-05-19
120,121/DZ_PG_19/ZM4367/WW/2/DIA2017-05-19,Plot,DIA2017,Maize,iPG117,WW,2,test/KMS tirpitz/121/DZ_PG_19/ZM4367/WW/2/DIA2017-05-19
121,122/DZ_PG_72/ZM4398/WW/2/DIA2017-05-19,Plot,DIA2017,Maize,iPG314,WW,2,test/KMS tirpitz/122/DZ_PG_72/ZM4398/WW/2/DIA2017-05-19
122,123/DZ_PG_07/ZM4351/WW/2/DIA2017-05-19,Plot,DIA2017,Maize,iPG062,WW,2,test/KMS tirpitz/123/DZ_PG_07/ZM4351/WW/2/DIA2017-05-19
123,124/DZ_PG_01/ZM4381/WW/2/DIA2017-05-19,Plot,DIA2017,Maize,iPG004,WW,2,test/KMS tirpitz/124/DZ_PG_01/ZM4381/WW/2/DIA2017-05-19
124,125/DZ_PG_44/ZM4369/WW/2/DIA2017-05-19,Plot,DIA2017,Maize,iPG189,WW,2,test/KMS tirpitz/125/DZ_PG_44/ZM4369/WW/2/DIA2017-05-19
125,126/DZ_PG_62/ZM4393/WW/2/DIA2017-05-19,Plot,DIA2017,Maize,iPG303,WW,2,test/KMS tirpitz/126/DZ_PG_62/ZM4393/WW/2/DIA2017-05-19
126,127/DZ_PG_25/ZM4382/WW/2/DIA2017-05-19,Plot,DIA2017,Maize,iPG136,WW,2,test/KMS tirpitz/127/DZ_PG_25/ZM4382/WW/2/DIA2017-05-19
127,128/DZ_PG_04/ZM4366/WW/2/DIA2017-05-19,Plot,DIA2017,Maize,iPG321,WW,2,test/KMS tirpitz/128/DZ_PG_04/ZM4366/WW/2/DIA2017-05-19
128,129/DZ_PG_66/ZM4391/WW/2/DIA2017-05-19,Plot,DIA2017,Maize,iPG318,WW,2,test/KMS tirpitz/129/DZ_PG_66/ZM4391/WW/2/DIA2017-05-19
129,130/DZ_PG_05/ZM4357/WW/2/DIA2017-05-19,Plot,DIA2017,Maize,iPG026,WW,2,test/KMS tirpitz/130/DZ_PG_05/ZM4357/WW/2/DIA2017-05-19
130,131/DZ_PG_40/ZM4390/WD1/1/DIA2017-05-19,Plot,DIA2017,Maize,iPG176,WD1,1,test/KMS tirpitz/131/DZ_PG_40/ZM4390/WD1/1/DIA2017-05-19
131,132/DZ_PG_33/ZM4353/WD1/1/DIA2017-05-19,Plot,DIA2017,Maize,iPG158,WD1,1,test/KMS tirpitz/132/DZ_PG_33/ZM4353/WD1/1/DIA2017-05-19
132,133/DZ_PG_12/ZM1304_lot1/WD1/1/DIA2017-05-19,Plot,DIA2017,Maize,iPG082,WD1,1,test/KMS tirpitz/133/DZ_PG_12/ZM1304_lot1/WD1/1/DIA2017-05-19
133,134/DZ_PG_53/ZM4345/WD1/1/DIA2017-05-19,Plot,DIA2017,Maize,iPG190,WD1,1,test/KMS tirpitz/134/DZ_PG_53/ZM4345/WD1/1/DIA2017-05-19
134,135/DZ_PG_48/ZM4421/WD1/1/DIA2017-05-19,Plot,DIA2017,Maize,iPG216,WD1,1,test/KMS tirpitz/135/DZ_PG_48/ZM4421/WD1/1/DIA2017-05-19
135,136/DZ_PG_72/ZM4398/WD1/1/DIA2017-05-19,Plot,DIA2017,Maize,iPG314,WD1,1,test/KMS tirpitz/136/DZ_PG_72/ZM4398/WD1/1/DIA2017-05-19
136,137/DZ_PG_09/ZM4368/WD1/1/DIA2017-05-19,Plot,DIA2017,Maize,iPG066,WD1,1,test/KMS tirpitz/137/DZ_PG_09/ZM4368/WD1/1/DIA2017-05-19
137,138/DZ_PG_31/ZM4347/WD1/1/DIA2017-05-19,Plot,DIA2017,Maize,iPG153,WD1,1,test/KMS tirpitz/138/DZ_PG_31/ZM4347/WD1/1/DIA2017-05-19
138,139/DZ_PG_74/ZM4397/WD1/1/DIA2017-05-19,Plot,DIA2017,Maize,iPG313,WD1,1,test/KMS tirpitz/139/DZ_PG_74/ZM4397/WD1/1/DIA2017-05-19
139,140/DZ_PG_22/ZM4349/WD1/1/DIA2017-05-19,Plot,DIA2017,Maize,iPG121,WD1,1,test/KMS tirpitz/140/DZ_PG_22/ZM4349/WD1/1/DIA2017-05-19
140,141/DZ_PG_01/ZM4381/WD1/1/DIA2017-05-19,Plot,DIA2017,Maize,iPG004,WD1,1,test/KMS tirpitz/141/DZ_PG_01/ZM4381/WD1/1/DIA2017-05-19
141,142/DZ_PG_27/ZM4354/WD1/1/DIA2017-05-19,Plot,DIA2017,Maize,iPG103,WD1,1,test/KMS tirpitz/142/DZ_PG_27/ZM4354/WD1/1/DIA2017-05-19
142,143/DZ_PG_46/ZM4374/WD1/1/DIA2017-05-19,Plot,DIA2017,Maize,iPG195,WD1,1,test/KMS tirpitz/143/DZ_PG_46/ZM4374/WD1/1/DIA2017-05-19
143,144/DZ_PG_25/ZM4382/WD1/1/DIA2017-05-19,Plot,DIA2017,Maize,iPG136,WD1,1,test/KMS tirpitz/144/DZ_PG_25/ZM4382/WD1/1/DIA2017-05-19
144,145/DZ_PG_55/ZM4355/WD1/1/DIA2017-05-19,Plot,DIA2017,Maize,iPG146,WD1,1,test/KMS tirpitz/145/DZ_PG_55/ZM4355/WD1/1/DIA2017-05-19
145,146/DZ_PG_10/ZM4365/WD1/1/DIA2017-05-19,Plot,DIA2017,Maize,iPG073,WD1,1,test/KMS tirpitz/146/DZ_PG_10/ZM4365/WD1/1/DIA2017-05-19
146,147/DZ_PG_21/ZM4360/WD1/1/DIA2017-05-19,Plot,DIA2017,Maize,iPG120,WD1,1,test/KMS tirpitz/147/DZ_PG_21/ZM4360/WD1/1/DIA2017-05-19
147,148/DZ_PG_34/ZM4384/WD1/1/DIA2017-05-19,Plot,DIA2017,Maize,iPG159,WD1,1,test/KMS tirpitz/148/DZ_PG_34/ZM4384/WD1/1/DIA2017-05-19
148,149/DZ_PG_62/ZM4393/WD1/1/DIA2017-05-19,Plot,DIA2017,Maize,iPG303,WD1,1,test/KMS tirpitz/149/DZ_PG_62/ZM4393/WD1/1/DIA2017-05-19
149,150/DKC4590/XXXX/WD1/1/DIA2017-05-19,Plot,DIA2017,Maize,DKC4590,WD1,1,test/KMS tirpitz/150/DKC4590/XXXX/WD1/1/DIA2017-05-19
150,151/DKC4590/XXXX/WD1/1/DIA2017-05-19,Plot,DIA2017,Maize,DKC4590,WD1,1,test/KMS tirpitz/151/DKC4590/XXXX/WD1/1/DIA2017-05-19
151,152/DZ_PG_13/ZM4379/WD1/1/DIA2017-05-19,Plot,DIA2017,Maize,iPG089,WD1,1,test/KMS tirpitz/152/DZ_PG_13/ZM4379/WD1/1/DIA2017-05-19
152,153/DZ_PG_11/ZM4386/WD1/1/DIA2017-05-19,Plot,DIA2017,Maize,iPG077,WD1,1,test/KMS tirpitz/153/DZ_PG_11/ZM4386/WD1/1/DIA2017-05-19
153,154/DZ_PG_47/ZM4362/WD1/1/DIA2017-05-19,Plot,DIA2017,Maize,iPG202,WD1,1,test/KMS tirpitz/154/DZ_PG_47/ZM4362/WD1/1/DIA2017-05-19
154,155/DZ_PG_43/ZM4380/WD1/1/DIA2017-05-19,Plot,DIA2017,Maize,iPG188,WD1,1,test/KMS tirpitz/155/DZ_PG_43/ZM4380/WD1/1/DIA2017-05-19
155,156/DZ_PG_50/ZM4363/WD1/1/DIA2017-05-19,Plot,DIA2017,Maize,iPG233,WD1,1,test/KMS tirpitz/156/DZ_PG_50/ZM4363/WD1/1/DIA2017-05-19
156,157/DZ_PG_68/ZM4395/WD1/1/DIA2017-05-19,Plot,DIA2017,Maize,iPG311,WD1,1,test/KMS tirpitz/157/DZ_PG_68/ZM4395/WD1/1/DIA2017-05-19
157,158/DZ_PG_06/ZM4376/WD1/1/DIA2017-05-19,Plot,DIA2017,Maize,iPG029,WD1,1,test/KMS tirpitz/158/DZ_PG_06/ZM4376/WD1/1/DIA2017-05-19
158,159/DZ_PG_66/ZM4391/WD1/1/DIA2017-05-19,Plot,DIA2017,Maize,iPG318,WD1,1,test/KMS tirpitz/159/DZ_PG_66/ZM4391/WD1/1/DIA2017-05-19
159,160/DZ_PG_16/ZM4359/WD1/1/DIA2017-05-19,Plot,DIA2017,Maize,iPG109,WD1,1,test/KMS tirpitz/160/DZ_PG_16/ZM4359/WD1/1/DIA2017-05-19
160,161/DZ_PG_52/ZM4370/WD1/1/DIA2017-05-19,Plot,DIA2017,Maize,iPG239,WD1,1,test/KMS tirpitz/161/DZ_PG_52/ZM4370/WD1/1/DIA2017-05-19
161,162/DZ_PG_19/ZM4367/WD1/1/DIA2017-05-19,Plot,DIA2017,Maize,iPG117,WD1,1,test/KMS tirpitz/162/DZ_PG_19/ZM4367/WD1/1/DIA2017-05-19
162,163/DKC4590/XXXX/WD1/1/DIA2017-05-19,Plot,DIA2017,Maize,DKC4590,WD1,1,test/KMS tirpitz/163/DKC4590/XXXX/WD1/1/DIA2017-05-19
163,164/DZ_PG_17/ZM4348/WD1/1/DIA2017-05-19,Plot,DIA2017,Maize,iPG110,WD1,1,test/KMS tirpitz/164/DZ_PG_17/ZM4348/WD1/1/DIA2017-05-19
164,165/DZ_PG_62/ZM4393/WD1/1/DIA2017-05-19,Plot,DIA2017,Maize,iPG303,WD1,1,test/KMS tirpitz/165/DZ_PG_62/ZM4393/WD1/1/DIA2017-05-19
165,166/DZ_PG_02/ZM4356/WD1/1/DIA2017-05-19,Plot,DIA2017,Maize,iPG007,WD1,1,test/KMS tirpitz/166/DZ_PG_02/ZM4356/WD1/1/DIA2017-05-19
166,167/DZ_PG_26/ZM4387/WD1/1/DIA2017-05-19,Plot,DIA2017,Maize,iPG138,WD1,1,test/KMS tirpitz/167/DZ_PG_26/ZM4387/WD1/1/DIA2017-05-19
167,168/DZ_PG_51/ZM4350/WD1/1/DIA2017-05-19,Plot,DIA2017,Maize,iPG234,WD1,1,test/KMS tirpitz/168/DZ_PG_51/ZM4350/WD1/1/DIA2017-05-19
168,169/DZ_PG_35/ZM4358/WD1/1/DIA2017-05-19,Plot,DIA2017,Maize,iPG164,WD1,1,test/KMS tirpitz/169/DZ_PG_35/ZM4358/WD1/1/DIA2017-05-19
169,170/DZ_PG_37/ZM4364/WD1/1/DIA2017-05-19,Plot,DIA2017,Maize,iPG167,WD1,1,test/KMS tirpitz/170/DZ_PG_37/ZM4364/WD1/1/DIA2017-05-19
170,171/DZ_PG_03/ZM4377/WD1/1/DIA2017-05-19,Plot,DIA2017,Maize,iPG017,WD1,1,test/KMS tirpitz/171/DZ_PG_03/ZM4377/WD1/1/DIA2017-05-19
171,172/DZ_PG_08/ZM4343/WD1/1/DIA2017-05-19,Plot,DIA2017,Maize,iPG063,WD1,1,test/KMS tirpitz/172/DZ_PG_08/ZM4343/WD1/1/DIA2017-05-19
172,173/DZ_PG_62/ZM4393/WD1/1/DIA2017-05-19,Plot,DIA2017,Maize,iPG303,WD1,1,test/KMS tirpitz/173/DZ_PG_62/ZM4393/WD1/1/DIA2017-05-19
173,174/DZ_PG_05/ZM4357/WD1/1/DIA2017-05-19,Plot,DIA2017,Maize,iPG026,WD1,1,test/KMS tirpitz/174/DZ_PG_05/ZM4357/WD1/1/DIA2017-05-19
174,175/DKC4590/XXXX/WD1/1/DIA2017-05-19,Plot,DIA2017,Maize,DKC4590,WD1,1,test/KMS tirpitz/175/DKC4590/XXXX/WD1/1/DIA2017-05-19
175,176/DKC4590/XXXX/WD1/1/DIA2017-05-19,Plot,DIA2017,Maize,DKC4590,WD1,1,test/KMS tirpitz/176/DKC4590/XXXX/WD1/1/DIA2017-05-19
176,177/DZ_PG_23/ZM4388/WD1/1/DIA2017-05-19,Plot,DIA2017,Maize,iPG128,WD1,1,test/KMS tirpitz/177/DZ_PG_23/ZM4388/WD1/1/DIA2017-05-19
177,178/DZ_PG_30/ZM4361/WD1/1/DIA2017-05-19,Plot,DIA2017,Maize,iPG152,WD1,1,test/KMS tirpitz/178/DZ_PG_30/ZM4361/WD1/1/DIA2017-05-19
178,179/DZ_PG_69/ZM4396/WD1/1/DIA2017-05-19,Plot,DIA2017,Maize,iPG312,WD1,1,test/KMS tirpitz/179/DZ_PG_69/ZM4396/WD1/1/DIA2017-05-19
179,180/DZ_PG_49/ZM4389/WD1/1/DIA2017-05-19,Plot,DIA2017,Maize,iPG228,WD1,1,test/KMS tirpitz/180/DZ_PG_49/ZM4389/WD1/1/DIA2017-05-19
180,181/DZ_PG_45/ZM4385/WD1/1/DIA2017-05-19,Plot,DIA2017,Maize,iPG194,WD1,1,test/KMS tirpitz/181/DZ_PG_45/ZM4385/WD1/1/DIA2017-05-19
181,182/DZ_PG_67/ZM4394/WD1/1/DIA2017-05-19,Plot,DIA2017,Maize,iPG310,WD1,1,test/KMS tirpitz/182/DZ_PG_67/ZM4394/WD1/1/DIA2017-05-19
182,183/DZ_PG_45/ZM4385/WD1/1/DIA2017-05-19,Plot,DIA2017,Maize,iPG194,WD1,1,test/KMS tirpitz/183/DZ_PG_45/ZM4385/WD1/1/DIA2017-05-19
183,184/DZ_PG_41/ZM4378/WD1/1/DIA2017-05-19,Plot,DIA2017,Maize,iPG181,WD1,1,test/KMS tirpitz/184/DZ_PG_41/ZM4378/WD1/1/DIA2017-05-19
184,185/DZ_PG_32/ZM4352/WD1/1/DIA2017-05-19,Plot,DIA2017,Maize,iPG155,WD1,1,test/KMS tirpitz/185/DZ_PG_32/ZM4352/WD1/1/DIA2017-05-19
185,186/DZ_PG_54/ZM4346/WD1/1/DIA2017-05-19,Plot,DIA2017,Maize,iPG116,WD1,1,test/KMS tirpitz/186/DZ_PG_54/ZM4346/WD1/1/DIA2017-05-19
186,187/DZ_PG_24/ZM4342/WD1/1/DIA2017-05-19,Plot,DIA2017,Maize,iPG131,WD1,1,test/KMS tirpitz/187/DZ_PG_24/ZM4342/WD1/1/DIA2017-05-19
187,188/DZ_PG_07/ZM4351/WD1/1/DIA2017-05-19,Plot,DIA2017,Maize,iPG062,WD1,1,test/KMS tirpitz/188/DZ_PG_07/ZM4351/WD1/1/DIA2017-05-19
188,189/DZ_PG_67/ZM4394/WD1/1/DIA2017-05-19,Plot,DIA2017,Maize,iPG310,WD1,1,test/KMS tirpitz/189/DZ_PG_67/ZM4394/WD1/1/DIA2017-05-19
189,190/DZ_PG_44/ZM4369/WD1/1/DIA2017-05-19,Plot,DIA2017,Maize,iPG189,WD1,1,test/KMS tirpitz/190/DZ_PG_44/ZM4369/WD1/1/DIA2017-05-19
190,191/DZ_PG_63/ZM4392/WD1/1/DIA2017-05-19,Plot,DIA2017,Maize,iPG304,WD1,1,test/KMS tirpitz/191/DZ_PG_63/ZM4392/WD1/1/DIA2017-05-19
191,192/DZ_PG_69/ZM4396/WD1/1/DIA2017-05-19,Plot,DIA2017,Maize,iPG312,WD1,1,test/KMS tirpitz/192/DZ_PG_69/ZM4396/WD1/1/DIA2017-05-19
192,193/DZ_PG_20/ZM4344/WD1/1/DIA2017-05-19,Plot,DIA2017,Maize,iPG119,WD1,1,test/KMS tirpitz/193/DZ_PG_20/ZM4344/WD1/1/DIA2017-05-19
193,194/DZ_PG_04/ZM4366/WD1/1/DIA2017-05-19,Plot,DIA2017,Maize,iPG321,WD1,1,test/KMS tirpitz/194/DZ_PG_04/ZM4366/WD1/1/DIA2017-05-19
194,195/DZ_PG_14/ZM4375/WD1/1/DIA2017-05-19,Plot,DIA2017,Maize,iPG101,WD1,1,test/KMS tirpitz/195/DZ_PG_14/ZM4375/WD1/1/DIA2017-05-19
195,196/DZ_PG_25/ZM4382/WD1/2/DIA2017-05-19,Plot,DIA2017,Maize,iPG136,WD1,2,test/KMS tirpitz/196/DZ_PG_25/ZM4382/WD1/2/DIA2017-05-19
196,197/DZ_PG_19/ZM4367/WD1/2/DIA2017-05-19,Plot,DIA2017,Maize,iPG117,WD1,2,test/KMS tirpitz/197/DZ_PG_19/ZM4367/WD1/2/DIA2017-05-19
197,198/DZ_PG_31/ZM4347/WD1/2/DIA2017-05-19,Plot,DIA2017,Maize,iPG153,WD1,2,test/KMS tirpitz/198/DZ_PG_31/ZM4347/WD1/2/DIA2017-05-19
198,199/DZ_PG_35/ZM4358/WD1/2/DIA2017-05-19,Plot,DIA2017,Maize,iPG164,WD1,2,test/KMS tirpitz/199/DZ_PG_35/ZM4358/WD1/2/DIA2017-05-19
199,200/DZ_PG_17/ZM4348/WD1/2/DIA2017-05-19,Plot,DIA2017,Maize,iPG110,WD1,2,test/KMS tirpitz/200/DZ_PG_17/ZM4348/WD1/2/DIA2017-05-19
200,201/DZ_PG_24/ZM4342/WD1/2/DIA2017-05-19,Plot,DIA2017,Maize,iPG131,WD1,2,test/KMS tirpitz/201/DZ_PG_24/ZM4342/WD1/2/DIA2017-05-19
201,202/DZ_PG_34/ZM4384/WD1/2/DIA2017-05-19,Plot,DIA2017,Maize,iPG159,WD1,2,test/KMS tirpitz/202/DZ_PG_34/ZM4384/WD1/2/DIA2017-05-19
202,203/DZ_PG_50/ZM4363/WD1/2/DIA2017-05-19,Plot,DIA2017,Maize,iPG233,WD1,2,test/KMS tirpitz/203/DZ_PG_50/ZM4363/WD1/2/DIA2017-05-19
203,204/DZ_PG_04/ZM4366/WD1/2/DIA2017-05-19,Plot,DIA2017,Maize,iPG321,WD1,2,test/KMS tirpitz/204/DZ_PG_04/ZM4366/WD1/2/DIA2017-05-19
204,205/DZ_PG_49/ZM4389/WD1/2/DIA2017-05-19,Plot,DIA2017,Maize,iPG228,WD1,2,test/KMS tirpitz/205/DZ_PG_49/ZM4389/WD1/2/DIA2017-05-19
205,206/DZ_PG_21/ZM4360/WD1/2/DIA2017-05-19,Plot,DIA2017,Maize,iPG120,WD1,2,test/KMS tirpitz/206/DZ_PG_21/ZM4360/WD1/2/DIA2017-05-19
206,207/DZ_PG_69/ZM4396/WD1/2/DIA2017-05-19,Plot,DIA2017,Maize,iPG312,WD1,2,test/KMS tirpitz/207/DZ_PG_69/ZM4396/WD1/2/DIA2017-05-19
207,208/DZ_PG_62/ZM4393/WD1/2/DIA2017-05-19,Plot,DIA2017,Maize,iPG303,WD1,2,test/KMS tirpitz/208/DZ_PG_62/ZM4393/WD1/2/DIA2017-05-19
208,209/DZ_PG_63/ZM4392/WD1/2/DIA2017-05-19,Plot,DIA2017,Maize,iPG304,WD1,2,test/KMS tirpitz/209/DZ_PG_63/ZM4392/WD1/2/DIA2017-05-19
209,210/DZ_PG_01/ZM4381/WD1/2/DIA2017-05-19,Plot,DIA2017,Maize,iPG004,WD1,2,test/KMS tirpitz/210/DZ_PG_01/ZM4381/WD1/2/DIA2017-05-19
210,211/DZ_PG_12/ZM1304_lot1/WD1/2/DIA2017-05-19,Plot,DIA2017,Maize,iPG082,WD1,2,test/KMS tirpitz/211/DZ_PG_12/ZM1304_lot1/WD1/2/DIA2017-05-19
211,212/DZ_PG_69/ZM4396/WD1/2/DIA2017-05-19,Plot,DIA2017,Maize,iPG312,WD1,2,test/KMS tirpitz/212/DZ_PG_69/ZM4396/WD1/2/DIA2017-05-19
212,213/DZ_PG_03/ZM4377/WD1/2/DIA2017-05-19,Plot,DIA2017,Maize,iPG017,WD1,2,test/KMS tirpitz/213/DZ_PG_03/ZM4377/WD1/2/DIA2017-05-19
213,214/DKC4590/XXXX/WD1/2/DIA2017-05-19,Plot,DIA2017,Maize,DKC4590,WD1,2,test/KMS tirpitz/214/DKC4590/XXXX/WD1/2/DIA2017-05-19
214,215/DKC4590/XXXX/WD1/2/DIA2017-05-19,Plot,DIA2017,Maize,DKC4590,WD1,2,test/KMS tirpitz/215/DKC4590/XXXX/WD1/2/DIA2017-05-19
215,216/DZ_PG_44/ZM4369/WD1/2/DIA2017-05-19,Plot,DIA2017,Maize,iPG189,WD1,2,test/KMS tirpitz/216/DZ_PG_44/ZM4369/WD1/2/DIA2017-05-19
216,217/DZ_PG_45/ZM4385/WD1/2/DIA2017-05-19,Plot,DIA2017,Maize,iPG194,WD1,2,test/KMS tirpitz/217/DZ_PG_45/ZM4385/WD1/2/DIA2017-05-19
217,218/DZ_PG_33/ZM4353/WD1/2/DIA2017-05-19,Plot,DIA2017,Maize,iPG158,WD1,2,test/KMS tirpitz/218/DZ_PG_33/ZM4353/WD1/2/DIA2017-05-19
218,219/DZ_PG_52/ZM4370/WD1/2/DIA2017-05-19,Plot,DIA2017,Maize,iPG239,WD1,2,test/KMS tirpitz/219/DZ_PG_52/ZM4370/WD1/2/DIA2017-05-19
219,220/DZ_PG_45/ZM4385/WD1/2/DIA2017-05-19,Plot,DIA2017,Maize,iPG194,WD1,2,test/KMS tirpitz/220/DZ_PG_45/ZM4385/WD1/2/DIA2017-05-19
220,221/DZ_PG_51/ZM4350/WD1/2/DIA2017-05-19,Plot,DIA2017,Maize,iPG234,WD1,2,test/KMS tirpitz/221/DZ_PG_51/ZM4350/WD1/2/DIA2017-05-19
221,222/DZ_PG_47/ZM4362/WD1/2/DIA2017-05-19,Plot,DIA2017,Maize,iPG202,WD1,2,test/KMS tirpitz/222/DZ_PG_47/ZM4362/WD1/2/DIA2017-05-19
222,223/DZ_PG_48/ZM4421/WD1/2/DIA2017-05-19,Plot,DIA2017,Maize,iPG216,WD1,2,test/KMS tirpitz/223/DZ_PG_48/ZM4421/WD1/2/DIA2017-05-19
223,224/DZ_PG_11/ZM4386/WD1/2/DIA2017-05-19,Plot,DIA2017,Maize,iPG077,WD1,2,test/KMS tirpitz/224/DZ_PG_11/ZM4386/WD1/2/DIA2017-05-19
224,225/DZ_PG_43/ZM4380/WD1/2/DIA2017-05-19,Plot,DIA2017,Maize,iPG188,WD1,2,test/KMS tirpitz/225/DZ_PG_43/ZM4380/WD1/2/DIA2017-05-19
225,226/DZ_PG_54/ZM4346/WD1/2/DIA2017-05-19,Plot,DIA2017,Maize,iPG116,WD1,2,test/KMS tirpitz/226/DZ_PG_54/ZM4346/WD1/2/DIA2017-05-19
226,227/DZ_PG_05/ZM4357/WD1/2/DIA2017-05-19,Plot,DIA2017,Maize,iPG026,WD1,2,test/KMS tirpitz/227/DZ_PG_05/ZM4357/WD1/2/DIA2017-05-19
227,228/DKC4590/XXXX/WD1/2/DIA2017-05-19,Plot,DIA2017,Maize,DKC4590,WD1,2,test/KMS tirpitz/228/DKC4590/XXXX/WD1/2/DIA2017-05-19
228,229/DZ_PG_20/ZM4344/WD1/2/DIA2017-05-19,Plot,DIA2017,Maize,iPG119,WD1,2,test/KMS tirpitz/229/DZ_PG_20/ZM4344/WD1/2/DIA2017-05-19
229,230/DZ_PG_72/ZM4398/WD1/2/DIA2017-05-19,Plot,DIA2017,Maize,iPG314,WD1,2,test/KMS tirpitz/230/DZ_PG_72/ZM4398/WD1/2/DIA2017-05-19
230,231/DZ_PG_41/ZM4378/WD1/2/DIA2017-05-19,Plot,DIA2017,Maize,iPG181,WD1,2,test/KMS tirpitz/231/DZ_PG_41/ZM4378/WD1/2/DIA2017-05-19
231,232/DZ_PG_74/ZM4397/WD1/2/DIA2017-05-19,Plot,DIA2017,Maize,iPG313,WD1,2,test/KMS tirpitz/232/DZ_PG_74/ZM4397/WD1/2/DIA2017-05-19
232,233/DZ_PG_68/ZM4395/WD1/2/DIA2017-05-19,Plot,DIA2017,Maize,iPG311,WD1,2,test/KMS tirpitz/233/DZ_PG_68/ZM4395/WD1/2/DIA2017-05-19
233,234/DZ_PG_37/ZM4364/WD1/2/DIA2017-05-19,Plot,DIA2017,Maize,iPG167,WD1,2,test/KMS tirpitz/234/DZ_PG_37/ZM4364/WD1/2/DIA2017-05-19
234,235/DZ_PG_22/ZM4349/WD1/2/DIA2017-05-19,Plot,DIA2017,Maize,iPG121,WD1,2,test/KMS tirpitz/235/DZ_PG_22/ZM4349/WD1/2/DIA2017-05-19
235,236/DZ_PG_06/ZM4376/WD1/2/DIA2017-05-19,Plot,DIA2017,Maize,iPG029,WD1,2,test/KMS tirpitz/236/DZ_PG_06/ZM4376/WD1/2/DIA2017-05-19
236,237/DZ_PG_53/ZM4345/WD1/2/DIA2017-05-19,Plot,DIA2017,Maize,iPG190,WD1,2,test/KMS tirpitz/237/DZ_PG_53/ZM4345/WD1/2/DIA2017-05-19
237,238/DZ_PG_26/ZM4387/WD1/2/DIA2017-05-19,Plot,DIA2017,Maize,iPG138,WD1,2,test/KMS tirpitz/238/DZ_PG_26/ZM4387/WD1/2/DIA2017-05-19
238,239/DZ_PG_14/ZM4375/WD1/2/DIA2017-05-19,Plot,DIA2017,Maize,iPG101,WD1,2,test/KMS tirpitz/239/DZ_PG_14/ZM4375/WD1/2/DIA2017-05-19
239,240/DZ_PG_55/ZM4355/WD1/2/DIA2017-05-19,Plot,DIA2017,Maize,iPG146,WD1,2,test/KMS tirpitz/240/DZ_PG_55/ZM4355/WD1/2/DIA2017-05-19
240,241/DKC4590/XXXX/WD1/2/DIA2017-05-19,Plot,DIA2017,Maize,DKC4590,WD1,2,test/KMS tirpitz/241/DKC4590/XXXX/WD1/2/DIA2017-05-19
241,242/DKC4590/XXXX/WD1/2/DIA2017-05-19,Plot,DIA2017,Maize,DKC4590,WD1,2,test/KMS tirpitz/242/DKC4590/XXXX/WD1/2/DIA2017-05-19
242,243/DZ_PG_30/ZM4361/WD1/2/DIA2017-05-19,Plot,DIA2017,Maize,iPG152,WD1,2,test/KMS tirpitz/243/DZ_PG_30/ZM4361/WD1/2/DIA2017-05-19
243,244/DZ_PG_09/ZM4368/WD1/2/DIA2017-05-19,Plot,DIA2017,Maize,iPG066,WD1,2,test/KMS tirpitz/244/DZ_PG_09/ZM4368/WD1/2/DIA2017-05-19
244,245/DZ_PG_10/ZM4365/WD1/2/DIA2017-05-19,Plot,DIA2017,Maize,iPG073,WD1,2,test/KMS tirpitz/245/DZ_PG_10/ZM4365/WD1/2/DIA2017-05-19
245,246/DZ_PG_66/ZM4391/WD1/2/DIA2017-05-19,Plot,DIA2017,Maize,iPG318,WD1,2,test/KMS tirpitz/246/DZ_PG_66/ZM4391/WD1/2/DIA2017-05-19
246,247/DZ_PG_23/ZM4388/WD1/2/DIA2017-05-19,Plot,DIA2017,Maize,iPG128,WD1,2,test/KMS tirpitz/247/DZ_PG_23/ZM4388/WD1/2/DIA2017-05-19
247,248/DZ_PG_27/ZM4354/WD1/2/DIA2017-05-19,Plot,DIA2017,Maize,iPG103,WD1,2,test/KMS tirpitz/248/DZ_PG_27/ZM4354/WD1/2/DIA2017-05-19
248,249/DZ_PG_62/ZM4393/WD1/2/DIA2017-05-19,Plot,DIA2017,Maize,iPG303,WD1,2,test/KMS tirpitz/249/DZ_PG_62/ZM4393/WD1/2/DIA2017-05-19
249,250/DZ_PG_13/ZM4379/WD1/2/DIA2017-05-19,Plot,DIA2017,Maize,iPG089,WD1,2,test/KMS tirpitz/250/DZ_PG_13/ZM4379/WD1/2/DIA2017-05-19
250,251/DZ_PG_16/ZM4359/WD1/2/DIA2017-05-19,Plot,DIA2017,Maize,iPG109,WD1,2,test/KMS tirpitz/251/DZ_PG_16/ZM4359/WD1/2/DIA2017-05-19
251,252/DZ_PG_32/ZM4352/WD1/2/DIA2017-05-19,Plot,DIA2017,Maize,iPG155,WD1,2,test/KMS tirpitz/252/DZ_PG_32/ZM4352/WD1/2/DIA2017-05-19
252,253/DZ_PG_77/ZM4452/WD1/2/DIA2017-05-19,Plot,DIA2017,Maize,iPG169,WD1,2,test/KMS tirpitz/253/DZ_PG_77/ZM4452/WD1/2/DIA2017-05-19
253,254/DZ_PG_62/ZM4393/WD1/2/DIA2017-05-19,Plot,DIA2017,Maize,iPG303,WD1,2,test/KMS tirpitz/254/DZ_PG_62/ZM4393/WD1/2/DIA2017-05-19
254,255/DZ_PG_02/ZM4356/WD1/2/DIA2017-05-19,Plot,DIA2017,Maize,iPG007,WD1,2,test/KMS tirpitz/255/DZ_PG_02/ZM4356/WD1/2/DIA2017-05-19
255,256/DZ_PG_08/ZM4343/WD1/2/DIA2017-05-19,Plot,DIA2017,Maize,iPG063,WD1,2,test/KMS tirpitz/256/DZ_PG_08/ZM4343/WD1/2/DIA2017-05-19
256,257/DZ_PG_67/ZM4394/WD1/2/DIA2017-05-19,Plot,DIA2017,Maize,iPG310,WD1,2,test/KMS tirpitz/257/DZ_PG_67/ZM4394/WD1/2/DIA2017-05-19
257,258/DZ_PG_40/ZM4390/WD1/2/DIA2017-05-19,Plot,DIA2017,Maize,iPG176,WD1,2,test/KMS tirpitz/258/DZ_PG_40/ZM4390/WD1/2/DIA2017-05-19
258,259/DZ_PG_07/ZM4351/WD1/2/DIA2017-05-19,Plot,DIA2017,Maize,iPG062,WD1,2,test/KMS tirpitz/259/DZ_PG_07/ZM4351/WD1/2/DIA2017-05-19
259,260/DZ_PG_67/ZM4394/WD1/2/DIA2017-05-19,Plot,DIA2017,Maize,iPG310,WD1,2,test/KMS tirpitz/260/DZ_PG_67/ZM4394/WD1/2/DIA2017-05-19
260,261/DZ_PG_51/ZM4350/WD2/1/DIA2017-05-19,Plot,DIA2017,Maize,iPG234,WD2,1,test/KMS tirpitz/261/DZ_PG_51/ZM4350/WD2/1/DIA2017-05-19
261,262/DZ_PG_08/ZM4343/WD2/1/DIA2017-05-19,Plot,DIA2017,Maize,iPG063,WD2,1,test/KMS tirpitz/262/DZ_PG_08/ZM4343/WD2/1/DIA2017-05-19
262,263/DZ_PG_67/ZM4394/WD2/1/DIA2017-05-19,Plot,DIA2017,Maize,iPG310,WD2,1,test/KMS tirpitz/263/DZ_PG_67/ZM4394/WD2/1/DIA2017-05-19
263,264/DZ_PG_43/ZM4380/WD2/1/DIA2017-05-19,Plot,DIA2017,Maize,iPG188,WD2,1,test/KMS tirpitz/264/DZ_PG_43/ZM4380/WD2/1/DIA2017-05-19
264,265/DZ_PG_01/ZM4381/WD2/1/DIA2017-05-19,Plot,DIA2017,Maize,iPG004,WD2,1,test/KMS tirpitz/265/DZ_PG_01/ZM4381/WD2/1/DIA2017-05-19
265,266/DZ_PG_66/ZM4391/WD2/1/DIA2017-05-19,Plot,DIA2017,Maize,iPG318,WD2,1,test/KMS tirpitz/266/DZ_PG_66/ZM4391/WD2/1/DIA2017-05-19
266,267/DZ_PG_69/ZM4396/WD2/1/DIA2017-05-19,Plot,DIA2017,Maize,iPG312,WD2,1,test/KMS tirpitz/267/DZ_PG_69/ZM4396/WD2/1/DIA2017-05-19
267,268/DZ_PG_62/ZM4393/WD2/1/DIA2017-05-19,Plot,DIA2017,Maize,iPG303,WD2,1,test/KMS tirpitz/268/DZ_PG_62/ZM4393/WD2/1/DIA2017-05-19
268,269/DZ_PG_04/ZM4366/WD2/1/DIA2017-05-19,Plot,DIA2017,Maize,iPG321,WD2,1,test/KMS tirpitz/269/DZ_PG_04/ZM4366/WD2/1/DIA2017-05-19
269,270/DZ_PG_48/ZM4421/WD2/1/DIA2017-05-19,Plot,DIA2017,Maize,iPG216,WD2,1,test/KMS tirpitz/270/DZ_PG_48/ZM4421/WD2/1/DIA2017-05-19
270,271/DZ_PG_34/ZM4384/WD2/1/DIA2017-05-19,Plot,DIA2017,Maize,iPG159,WD2,1,test/KMS tirpitz/271/DZ_PG_34/ZM4384/WD2/1/DIA2017-05-19
271,272/DZ_PG_69/ZM4396/WD2/1/DIA2017-05-19,Plot,DIA2017,Maize,iPG312,WD2,1,test/KMS tirpitz/272/DZ_PG_69/ZM4396/WD2/1/DIA2017-05-19
272,273/DZ_PG_02/ZM4356/WD2/1/DIA2017-05-19,Plot,DIA2017,Maize,iPG007,WD2,1,test/KMS tirpitz/273/DZ_PG_02/ZM4356/WD2/1/DIA2017-05-19
273,274/DZ_PG_32/ZM4352/WD2/1/DIA2017-05-19,Plot,DIA2017,Maize,iPG155,WD2,1,test/KMS tirpitz/274/DZ_PG_32/ZM4352/WD2/1/DIA2017-05-19
274,275/DZ_PG_12/ZM1304_lot1/WD2/1/DIA2017-05-19,Plot,DIA2017,Maize,iPG082,WD2,1,test/KMS tirpitz/275/DZ_PG_12/ZM1304_lot1/WD2/1/DIA2017-05-19
275,276/DZ_PG_03/ZM4377/WD2/1/DIA2017-05-19,Plot,DIA2017,Maize,iPG017,WD2,1,test/KMS tirpitz/276/DZ_PG_03/ZM4377/WD2/1/DIA2017-05-19
276,277/DZ_PG_67/ZM4394/WD2/1/DIA2017-05-19,Plot,DIA2017,Maize,iPG310,WD2,1,test/KMS tirpitz/277/DZ_PG_67/ZM4394/WD2/1/DIA2017-05-19
277,278/DZ_PG_30/ZM4361/WD2/1/DIA2017-05-19,Plot,DIA2017,Maize,iPG152,WD2,1,test/KMS tirpitz/278/DZ_PG_30/ZM4361/WD2/1/DIA2017-05-19
278,279/DZ_PG_19/ZM4367/WD2/1/DIA2017-05-19,Plot,DIA2017,Maize,iPG117,WD2,1,test/KMS tirpitz/279/DZ_PG_19/ZM4367/WD2/1/DIA2017-05-19
279,280/DZ_PG_21/ZM4360/WD2/1/DIA2017-05-19,Plot,DIA2017,Maize,iPG120,WD2,1,test/KMS tirpitz/280/DZ_PG_21/ZM4360/WD2/1/DIA2017-05-19
280,281/DZ_PG_55/ZM4355/WD2/1/DIA2017-05-19,Plot,DIA2017,Maize,iPG146,WD2,1,test/KMS tirpitz/281/DZ_PG_55/ZM4355/WD2/1/DIA2017-05-19
281,282/DZ_PG_68/ZM4395/WD2/1/DIA2017-05-19,Plot,DIA2017,Maize,iPG311,WD2,1,test/KMS tirpitz/282/DZ_PG_68/ZM4395/WD2/1/DIA2017-05-19
282,283/DZ_PG_27/ZM4354/WD2/1/DIA2017-05-19,Plot,DIA2017,Maize,iPG103,WD2,1,test/KMS tirpitz/283/DZ_PG_27/ZM4354/WD2/1/DIA2017-05-19
283,284/DZ_PG_41/ZM4378/WD2/1/DIA2017-05-19,Plot,DIA2017,Maize,iPG181,WD2,1,test/KMS tirpitz/284/DZ_PG_41/ZM4378/WD2/1/DIA2017-05-19
284,285/DZ_PG_63/ZM4392/WD2/1/DIA2017-05-19,Plot,DIA2017,Maize,iPG304,WD2,1,test/KMS tirpitz/285/DZ_PG_63/ZM4392/WD2/1/DIA2017-05-19
285,286/DZ_PG_09/ZM4368/WD2/1/DIA2017-05-19,Plot,DIA2017,Maize,iPG066,WD2,1,test/KMS tirpitz/286/DZ_PG_09/ZM4368/WD2/1/DIA2017-05-19
286,287/DZ_PG_06/ZM4376/WD2/1/DIA2017-05-19,Plot,DIA2017,Maize,iPG029,WD2,1,test/KMS tirpitz/287/DZ_PG_06/ZM4376/WD2/1/DIA2017-05-19
287,288/DZ_PG_22/ZM4349/WD2/1/DIA2017-05-19,Plot,DIA2017,Maize,iPG121,WD2,1,test/KMS tirpitz/288/DZ_PG_22/ZM4349/WD2/1/DIA2017-05-19
288,289/DZ_PG_37/ZM4364/WD2/1/DIA2017-05-19,Plot,DIA2017,Maize,iPG167,WD2,1,test/KMS tirpitz/289/DZ_PG_37/ZM4364/WD2/1/DIA2017-05-19
289,290/DZ_PG_49/ZM4389/WD2/1/DIA2017-05-19,Plot,DIA2017,Maize,iPG228,WD2,1,test/KMS tirpitz/290/DZ_PG_49/ZM4389/WD2/1/DIA2017-05-19
290,291/DZ_PG_17/ZM4348/WD2/1/DIA2017-05-19,Plot,DIA2017,Maize,iPG110,WD2,1,test/KMS tirpitz/291/DZ_PG_17/ZM4348/WD2/1/DIA2017-05-19
291,292/DZ_PG_72/ZM4398/WD2/1/DIA2017-05-19,Plot,DIA2017,Maize,iPG314,WD2,1,test/KMS tirpitz/292/DZ_PG_72/ZM4398/WD2/1/DIA2017-05-19
292,293/DZ_PG_47/ZM4362/WD2/1/DIA2017-05-19,Plot,DIA2017,Maize,iPG202,WD2,1,test/KMS tirpitz/293/DZ_PG_47/ZM4362/WD2/1/DIA2017-05-19
293,294/DZ_PG_13/ZM4379/WD2/1/DIA2017-05-19,Plot,DIA2017,Maize,iPG089,WD2,1,test/KMS tirpitz/294/DZ_PG_13/ZM4379/WD2/1/DIA2017-05-19
294,295/DZ_PG_25/ZM4382/WD2/1/DIA2017-05-19,Plot,DIA2017,Maize,iPG136,WD2,1,test/KMS tirpitz/295/DZ_PG_25/ZM4382/WD2/1/DIA2017-05-19
295,296/DZ_PG_24/ZM4342/WD2/1/DIA2017-05-19,Plot,DIA2017,Maize,iPG131,WD2,1,test/KMS tirpitz/296/DZ_PG_24/ZM4342/WD2/1/DIA2017-05-19
296,297/DKC4590/XXXX/WD2/1/DIA2017-05-19,Plot,DIA2017,Maize,DKC4590,WD2,1,test/KMS tirpitz/297/DKC4590/XXXX/WD2/1/DIA2017-05-19
297,298/DKC4590/XXXX/WD2/1/DIA2017-05-19,Plot,DIA2017,Maize,DKC4590,WD2,1,test/KMS tirpitz/298/DKC4590/XXXX/WD2/1/DIA2017-05-19
298,299/DKC4590/XXXX/WD2/1/DIA2017-05-19,Plot,DIA2017,Maize,DKC4590,WD2,1,test/KMS tirpitz/299/DKC4590/XXXX/WD2/1/DIA2017-05-19
299,300/DZ_PG_52/ZM4370/WD2/1/DIA2017-05-19,Plot,DIA2017,Maize,iPG239,WD2,1,test/KMS tirpitz/300/DZ_PG_52/ZM4370/WD2/1/DIA2017-05-19
300,301/DZ_PG_50/ZM4363/WD2/1/DIA2017-05-19,Plot,DIA2017,Maize,iPG233,WD2,1,test/KMS tirpitz/301/DZ_PG_50/ZM4363/WD2/1/DIA2017-05-19
301,302/DZ_PG_14/ZM4375/WD2/1/DIA2017-05-19,Plot,DIA2017,Maize,iPG101,WD2,1,test/KMS tirpitz/302/DZ_PG_14/ZM4375/WD2/1/DIA2017-05-19
302,303/DZ_PG_20/ZM4344/WD2/1/DIA2017-05-19,Plot,DIA2017,Maize,iPG119,WD2,1,test/KMS tirpitz/303/DZ_PG_20/ZM4344/WD2/1/DIA2017-05-19
303,304/DZ_PG_40/ZM4390/WD2/1/DIA2017-05-19,Plot,DIA2017,Maize,iPG176,WD2,1,test/KMS tirpitz/304/DZ_PG_40/ZM4390/WD2/1/DIA2017-05-19
304,305/DKC4590/XXXX/WD2/1/DIA2017-05-19,Plot,DIA2017,Maize,DKC4590,WD2,1,test/KMS tirpitz/305/DKC4590/XXXX/WD2/1/DIA2017-05-19
305,306/DKC4590/XXXX/WD2/1/DIA2017-05-19,Plot,DIA2017,Maize,DKC4590,WD2,1,test/KMS tirpitz/306/DKC4590/XXXX/WD2/1/DIA2017-05-19
306,307/DZ_PG_62/ZM4393/WD2/1/DIA2017-05-19,Plot,DIA2017,Maize,iPG303,WD2,1,test/KMS tirpitz/307/DZ_PG_62/ZM4393/WD2/1/DIA2017-05-19
307,308/DZ_PG_23/ZM4388/WD2/1/DIA2017-05-19,Plot,DIA2017,Maize,iPG128,WD2,1,test/KMS tirpitz/308/DZ_PG_23/ZM4388/WD2/1/DIA2017-05-19
308,309/DZ_PG_74/ZM4397/WD2/1/DIA2017-05-19,Plot,DIA2017,Maize,iPG313,WD2,1,test/KMS tirpitz/309/DZ_PG_74/ZM4397/WD2/1/DIA2017-05-19
309,310/DZ_PG_44/ZM4369/WD2/1/DIA2017-05-19,Plot,DIA2017,Maize,iPG189,WD2,1,test/KMS tirpitz/310/DZ_PG_44/ZM4369/WD2/1/DIA2017-05-19
310,311/DZ_PG_77/ZM4452/WD2/1/DIA2017-05-19,Plot,DIA2017,Maize,iPG169,WD2,1,test/KMS tirpitz/311/DZ_PG_77/ZM4452/WD2/1/DIA2017-05-19
311,312/DZ_PG_62/ZM4393/WD2/1/DIA2017-05-19,Plot,DIA2017,Maize,iPG303,WD2,1,test/KMS tirpitz/312/DZ_PG_62/ZM4393/WD2/1/DIA2017-05-19
312,313/DZ_PG_45/ZM4385/WD2/1/DIA2017-05-19,Plot,DIA2017,Maize,iPG194,WD2,1,test/KMS tirpitz/313/DZ_PG_45/ZM4385/WD2/1/DIA2017-05-19
313,314/DZ_PG_36/ZM4372/WD2/1/DIA2017-05-19,Plot,DIA2017,Maize,iPG165,WD2,1,test/KMS tirpitz/314/DZ_PG_36/ZM4372/WD2/1/DIA2017-05-19
314,315/DZ_PG_11/ZM4386/WD2/1/DIA2017-05-19,Plot,DIA2017,Maize,iPG077,WD2,1,test/KMS tirpitz/315/DZ_PG_11/ZM4386/WD2/1/DIA2017-05-19
315,316/DZ_PG_35/ZM4358/WD2/1/DIA2017-05-19,Plot,DIA2017,Maize,iPG164,WD2,1,test/KMS tirpitz/316/DZ_PG_35/ZM4358/WD2/1/DIA2017-05-19
316,317/DZ_PG_26/ZM4387/WD2/1/DIA2017-05-19,Plot,DIA2017,Maize,iPG138,WD2,1,test/KMS tirpitz/317/DZ_PG_26/ZM4387/WD2/1/DIA2017-05-19
317,318/DZ_PG_07/ZM4351/WD2/1/DIA2017-05-19,Plot,DIA2017,Maize,iPG062,WD2,1,test/KMS tirpitz/318/DZ_PG_07/ZM4351/WD2/1/DIA2017-05-19
318,319/DZ_PG_05/ZM4357/WD2/1/DIA2017-05-19,Plot,DIA2017,Maize,iPG026,WD2,1,test/KMS tirpitz/319/DZ_PG_05/ZM4357/WD2/1/DIA2017-05-19
319,320/DZ_PG_31/ZM4347/WD2/1/DIA2017-05-19,Plot,DIA2017,Maize,iPG153,WD2,1,test/KMS tirpitz/320/DZ_PG_31/ZM4347/WD2/1/DIA2017-05-19
320,321/DZ_PG_54/ZM4346/WD2/1/DIA2017-05-19,Plot,DIA2017,Maize,iPG116,WD2,1,test/KMS tirpitz/321/DZ_PG_54/ZM4346/WD2/1/DIA2017-05-19
321,322/DZ_PG_33/ZM4353/WD2/1/DIA2017-05-19,Plot,DIA2017,Maize,iPG158,WD2,1,test/KMS tirpitz/322/DZ_PG_33/ZM4353/WD2/1/DIA2017-05-19
322,323/DZ_PG_16/ZM4359/WD2/1/DIA2017-05-19,Plot,DIA2017,Maize,iPG109,WD2,1,test/KMS tirpitz/323/DZ_PG_16/ZM4359/WD2/1/DIA2017-05-19
323,324/DZ_PG_10/ZM4365/WD2/1/DIA2017-05-19,Plot,DIA2017,Maize,iPG073,WD2,1,test/KMS tirpitz/324/DZ_PG_10/ZM4365/WD2/1/DIA2017-05-19
324,325/DZ_PG_53/ZM4345/WD2/1/DIA2017-05-19,Plot,DIA2017,Maize,iPG190,WD2,1,test/KMS tirpitz/325/DZ_PG_53/ZM4345/WD2/1/DIA2017-05-19
325,326/DZ_PG_53/ZM4345/WD2/2/DIA2017-05-19,Plot,DIA2017,Maize,iPG190,WD2,2,test/KMS tirpitz/326/DZ_PG_53/ZM4345/WD2/2/DIA2017-05-19
326,327/DZ_PG_14/ZM4375/WD2/2/DIA2017-05-19,Plot,DIA2017,Maize,iPG101,WD2,2,test/KMS tirpitz/327/DZ_PG_14/ZM4375/WD2/2/DIA2017-05-19
327,328/DZ_PG_01/ZM4381/WD2/2/DIA2017-05-19,Plot,DIA2017,Maize,iPG004,WD2,2,test/KMS tirpitz/328/DZ_PG_01/ZM4381/WD2/2/DIA2017-05-19
328,329/DZ_PG_67/ZM4394/WD2/2/DIA2017-05-19,Plot,DIA2017,Maize,iPG310,WD2,2,test/KMS tirpitz/329/DZ_PG_67/ZM4394/WD2/2/DIA2017-05-19
329,330/DZ_PG_02/ZM4356/WD2/2/DIA2017-05-19,Plot,DIA2017,Maize,iPG007,WD2,2,test/KMS tirpitz/330/DZ_PG_02/ZM4356/WD2/2/DIA2017-05-19
330,331/DZ_PG_37/ZM4364/WD2/2/DIA2017-05-19,Plot,DIA2017,Maize,iPG167,WD2,2,test/KMS tirpitz/331/DZ_PG_37/ZM4364/WD2/2/DIA2017-05-19
331,332/DZ_PG_40/ZM4390/WD2/2/DIA2017-05-19,Plot,DIA2017,Maize,iPG176,WD2,2,test/KMS tirpitz/332/DZ_PG_40/ZM4390/WD2/2/DIA2017-05-19
332,333/DZ_PG_12/ZM1304_lot1/WD2/2/DIA2017-05-19,Plot,DIA2017,Maize,iPG082,WD2,2,test/KMS tirpitz/333/DZ_PG_12/ZM1304_lot1/WD2/2/DIA2017-05-19
333,334/DZ_PG_43/ZM4380/WD2/2/DIA2017-05-19,Plot,DIA2017,Maize,iPG188,WD2,2,test/KMS tirpitz/334/DZ_PG_43/ZM4380/WD2/2/DIA2017-05-19
334,335/DZ_PG_06/ZM4376/WD2/2/DIA2017-05-19,Plot,DIA2017,Maize,iPG029,WD2,2,test/KMS tirpitz/335/DZ_PG_06/ZM4376/WD2/2/DIA2017-05-19
335,336/DZ_PG_19/ZM4367/WD2/2/DIA2017-05-19,Plot,DIA2017,Maize,iPG117,WD2,2,test/KMS tirpitz/336/DZ_PG_19/ZM4367/WD2/2/DIA2017-05-19
336,337/DZ_PG_36/ZM4372/WD2/2/DIA2017-05-19,Plot,DIA2017,Maize,iPG165,WD2,2,test/KMS tirpitz/337/DZ_PG_36/ZM4372/WD2/2/DIA2017-05-19
337,338/DZ_PG_11/ZM4386/WD2/2/DIA2017-05-19,Plot,DIA2017,Maize,iPG077,WD2,2,test/KMS tirpitz/338/DZ_PG_11/ZM4386/WD2/2/DIA2017-05-19
338,339/DZ_PG_62/ZM4393/WD2/2/DIA2017-05-19,Plot,DIA2017,Maize,iPG303,WD2,2,test/KMS tirpitz/339/DZ_PG_62/ZM4393/WD2/2/DIA2017-05-19
339,340/DZ_PG_55/ZM4355/WD2/2/DIA2017-05-19,Plot,DIA2017,Maize,iPG146,WD2,2,test/KMS tirpitz/340/DZ_PG_55/ZM4355/WD2/2/DIA2017-05-19
340,341/DZ_PG_33/ZM4353/WD2/2/DIA2017-05-19,Plot,DIA2017,Maize,iPG158,WD2,2,test/KMS tirpitz/341/DZ_PG_33/ZM4353/WD2/2/DIA2017-05-19
341,342/DZ_PG_04/ZM4366/WD2/2/DIA2017-05-19,Plot,DIA2017,Maize,iPG321,WD2,2,test/KMS tirpitz/342/DZ_PG_04/ZM4366/WD2/2/DIA2017-05-19
342,343/DZ_PG_48/ZM4421/WD2/2/DIA2017-05-19,Plot,DIA2017,Maize,iPG216,WD2,2,test/KMS tirpitz/343/DZ_PG_48/ZM4421/WD2/2/DIA2017-05-19
343,344/DKC4590/XXXX/WD2/2/DIA2017-05-19,Plot,DIA2017,Maize,DKC4590,WD2,2,test/KMS tirpitz/344/DKC4590/XXXX/WD2/2/DIA2017-05-19
344,345/DKC4590/XXXX/WD2/2/DIA2017-05-19,Plot,DIA2017,Maize,DKC4590,WD2,2,test/KMS tirpitz/345/DKC4590/XXXX/WD2/2/DIA2017-05-19
345,346/DZ_PG_49/ZM4389/WD2/2/DIA2017-05-19,Plot,DIA2017,Maize,iPG228,WD2,2,test/KMS tirpitz/346/DZ_PG_49/ZM4389/WD2/2/DIA2017-05-19
346,347/DZ_PG_68/ZM4395/WD2/2/DIA2017-05-19,Plot,DIA2017,Maize,iPG311,WD2,2,test/KMS tirpitz/347/DZ_PG_68/ZM4395/WD2/2/DIA2017-05-19
347,348/DZ_PG_62/ZM4393/WD2/2/DIA2017-05-19,Plot,DIA2017,Maize,iPG303,WD2,2,test/KMS tirpitz/348/DZ_PG_62/ZM4393/WD2/2/DIA2017-05-19
348,349/DZ_PG_77/ZM4452/WD2/2/DIA2017-05-19,Plot,DIA2017,Maize,iPG169,WD2,2,test/KMS tirpitz/349/DZ_PG_77/ZM4452/WD2/2/DIA2017-05-19
349,350/DZ_PG_32/ZM4352/WD2/2/DIA2017-05-19,Plot,DIA2017,Maize,iPG155,WD2,2,test/KMS tirpitz/350/DZ_PG_32/ZM4352/WD2/2/DIA2017-05-19
350,351/DZ_PG_26/ZM4387/WD2/2/DIA2017-05-19,Plot,DIA2017,Maize,iPG138,WD2,2,test/KMS tirpitz/351/DZ_PG_26/ZM4387/WD2/2/DIA2017-05-19
351,352/DZ_PG_74/ZM4397/WD2/2/DIA2017-05-19,Plot,DIA2017,Maize,iPG313,WD2,2,test/KMS tirpitz/352/DZ_PG_74/ZM4397/WD2/2/DIA2017-05-19
352,353/DZ_PG_54/ZM4346/WD2/2/DIA2017-05-19,Plot,DIA2017,Maize,iPG116,WD2,2,test/KMS tirpitz/353/DZ_PG_54/ZM4346/WD2/2/DIA2017-05-19
353,354/DZ_PG_67/ZM4394/WD2/2/DIA2017-05-19,Plot,DIA2017,Maize,iPG310,WD2,2,test/KMS tirpitz/354/DZ_PG_67/ZM4394/WD2/2/DIA2017-05-19
354,355/DZ_PG_62/ZM4393/WD2/2/DIA2017-05-19,Plot,DIA2017,Maize,iPG303,WD2,2,test/KMS tirpitz/355/DZ_PG_62/ZM4393/WD2/2/DIA2017-05-19
355,356/DZ_PG_69/ZM4396/WD2/2/DIA2017-05-19,Plot,DIA2017,Maize,iPG312,WD2,2,test/KMS tirpitz/356/DZ_PG_69/ZM4396/WD2/2/DIA2017-05-19
356,357/DZ_PG_24/ZM4342/WD2/2/DIA2017-05-19,Plot,DIA2017,Maize,iPG131,WD2,2,test/KMS tirpitz/357/DZ_PG_24/ZM4342/WD2/2/DIA2017-05-19
357,358/DKC4590/XXXX/WD2/2/DIA2017-05-19,Plot,DIA2017,Maize,DKC4590,WD2,2,test/KMS tirpitz/358/DKC4590/XXXX/WD2/2/DIA2017-05-19
358,359/DZ_PG_34/ZM4384/WD2/2/DIA2017-05-19,Plot,DIA2017,Maize,iPG159,WD2,2,test/KMS tirpitz/359/DZ_PG_34/ZM4384/WD2/2/DIA2017-05-19
359,360/DZ_PG_41/ZM4378/WD2/2/DIA2017-05-19,Plot,DIA2017,Maize,iPG181,WD2,2,test/KMS tirpitz/360/DZ_PG_41/ZM4378/WD2/2/DIA2017-05-19
360,361/DZ_PG_03/ZM4377/WD2/2/DIA2017-05-19,Plot,DIA2017,Maize,iPG017,WD2,2,test/KMS tirpitz/361/DZ_PG_03/ZM4377/WD2/2/DIA2017-05-19
361,362/DZ_PG_27/ZM4354/WD2/2/DIA2017-05-19,Plot,DIA2017,Maize,iPG103,WD2,2,test/KMS tirpitz/362/DZ_PG_27/ZM4354/WD2/2/DIA2017-05-19
362,363/DZ_PG_25/ZM4382/WD2/2/DIA2017-05-19,Plot,DIA2017,Maize,iPG136,WD2,2,test/KMS tirpitz/363/DZ_PG_25/ZM4382/WD2/2/DIA2017-05-19
363,364/DZ_PG_16/ZM4359/WD2/2/DIA2017-05-19,Plot,DIA2017,Maize,iPG109,WD2,2,test/KMS tirpitz/364/DZ_PG_16/ZM4359/WD2/2/DIA2017-05-19
364,365/DZ_PG_44/ZM4369/WD2/2/DIA2017-05-19,Plot,DIA2017,Maize,iPG189,WD2,2,test/KMS tirpitz/365/DZ_PG_44/ZM4369/WD2/2/DIA2017-05-19
365,366/DZ_PG_10/ZM4365/WD2/2/DIA2017-05-19,Plot,DIA2017,Maize,iPG073,WD2,2,test/KMS tirpitz/366/DZ_PG_10/ZM4365/WD2/2/DIA2017-05-19
366,367/DZ_PG_21/ZM4360/WD2/2/DIA2017-05-19,Plot,DIA2017,Maize,iPG120,WD2,2,test/KMS tirpitz/367/DZ_PG_21/ZM4360/WD2/2/DIA2017-05-19
367,368/DZ_PG_45/ZM4385/WD2/2/DIA2017-05-19,Plot,DIA2017,Maize,iPG194,WD2,2,test/KMS tirpitz/368/DZ_PG_45/ZM4385/WD2/2/DIA2017-05-19
368,369/DZ_PG_35/ZM4358/WD2/2/DIA2017-05-19,Plot,DIA2017,Maize,iPG164,WD2,2,test/KMS tirpitz/369/DZ_PG_35/ZM4358/WD2/2/DIA2017-05-19
369,370/DZ_PG_08/ZM4343/WD2/2/DIA2017-05-19,Plot,DIA2017,Maize,iPG063,WD2,2,test/KMS tirpitz/370/DZ_PG_08/ZM4343/WD2/2/DIA2017-05-19
370,371/DKC4590/XXXX/WD2/2/DIA2017-05-19,Plot,DIA2017,Maize,DKC4590,WD2,2,test/KMS tirpitz/371/DKC4590/XXXX/WD2/2/DIA2017-05-19
371,372/DKC4590/XXXX/WD2/2/DIA2017-05-19,Plot,DIA2017,Maize,DKC4590,WD2,2,test/KMS tirpitz/372/DKC4590/XXXX/WD2/2/DIA2017-05-19
372,373/DZ_PG_17/ZM4348/WD2/2/DIA2017-05-19,Plot,DIA2017,Maize,iPG110,WD2,2,test/KMS tirpitz/373/DZ_PG_17/ZM4348/WD2/2/DIA2017-05-19
373,374/DZ_PG_07/ZM4351/WD2/2/DIA2017-05-19,Plot,DIA2017,Maize,iPG062,WD2,2,test/KMS tirpitz/374/DZ_PG_07/ZM4351/WD2/2/DIA2017-05-19
374,375/DZ_PG_20/ZM4344/WD2/2/DIA2017-05-19,Plot,DIA2017,Maize,iPG119,WD2,2,test/KMS tirpitz/375/DZ_PG_20/ZM4344/WD2/2/DIA2017-05-19
375,376/DZ_PG_09/ZM4368/WD2/2/DIA2017-05-19,Plot,DIA2017,Maize,iPG066,WD2,2,test/KMS tirpitz/376/DZ_PG_09/ZM4368/WD2/2/DIA2017-05-19
376,377/DZ_PG_22/ZM4349/WD2/2/DIA2017-05-19,Plot,DIA2017,Maize,iPG121,WD2,2,test/KMS tirpitz/377/DZ_PG_22/ZM4349/WD2/2/DIA2017-05-19
377,378/DZ_PG_13/ZM4379/WD2/2/DIA2017-05-19,Plot,DIA2017,Maize,iPG089,WD2,2,test/KMS tirpitz/378/DZ_PG_13/ZM4379/WD2/2/DIA2017-05-19
378,379/DZ_PG_63/ZM4392/WD2/2/DIA2017-05-19,Plot,DIA2017,Maize,iPG304,WD2,2,test/KMS tirpitz/379/DZ_PG_63/ZM4392/WD2/2/DIA2017-05-19
379,380/DZ_PG_50/ZM4363/WD2/2/DIA2017-05-19,Plot,DIA2017,Maize,iPG233,WD2,2,test/KMS tirpitz/380/DZ_PG_50/ZM4363/WD2/2/DIA2017-05-19
380,381/DZ_PG_47/ZM4362/WD2/2/DIA2017-05-19,Plot,DIA2017,Maize,iPG202,WD2,2,test/KMS tirpitz/381/DZ_PG_47/ZM4362/WD2/2/DIA2017-05-19
381,382/DZ_PG_31/ZM4347/WD2/2/DIA2017-05-19,Plot,DIA2017,Maize,iPG153,WD2,2,test/KMS tirpitz/382/DZ_PG_31/ZM4347/WD2/2/DIA2017-05-19
382,383/DZ_PG_69/ZM4396/WD2/2/DIA2017-05-19,Plot,DIA2017,Maize,iPG312,WD2,2,test/KMS tirpitz/383/DZ_PG_69/ZM4396/WD2/2/DIA2017-05-19
383,384/DZ_PG_52/ZM4370/WD2/2/DIA2017-05-19,Plot,DIA2017,Maize,iPG239,WD2,2,test/KMS tirpitz/384/DZ_PG_52/ZM4370/WD2/2/DIA2017-05-19
384,385/DZ_PG_72/ZM4398/WD2/2/DIA2017-05-19,Plot,DIA2017,Maize,iPG314,WD2,2,test/KMS tirpitz/385/DZ_PG_72/ZM4398/WD2/2/DIA2017-05-19
385,386/DZ_PG_30/ZM4361/WD2/2/DIA2017-05-19,Plot,DIA2017,Maize,iPG152,WD2,2,test/KMS tirpitz/386/DZ_PG_30/ZM4361/WD2/2/DIA2017-05-19
386,387/DZ_PG_23/ZM4388/WD2/2/DIA2017-05-19,Plot,DIA2017,Maize,iPG128,WD2,2,test/KMS tirpitz/387/DZ_PG_23/ZM4388/WD2/2/DIA2017-05-19
387,388/DZ_PG_05/ZM4357/WD2/2/DIA2017-05-19,Plot,DIA2017,Maize,iPG026,WD2,2,test/KMS tirpitz/388/DZ_PG_05/ZM4357/WD2/2/DIA2017-05-19
388,389/DZ_PG_66/ZM4391/WD2/2/DIA2017-05-19,Plot,DIA2017,Maize,iPG318,WD2,2,test/KMS tirpitz/389/DZ_PG_66/ZM4391/WD2/2/DIA2017-05-19
389,390/DZ_PG_51/ZM4350/WD2/2/DIA2017-05-19,Plot,DIA2017,Maize,iPG234,WD2,2,test/KMS tirpitz/390/DZ_PG_51/ZM4350/WD2/2/DIA2017-05-19
