rdfType,label,brand,serialNumber,inServiceDate,dateOfPurchase,personInCharge
http://www.opensilex.org/vocabulary/oeso#Vector,ensol0001,EnviroSCAN,01BD1DD71500001,2013-01-01,2014-01-01,florence.meunier@inra.fr
http://www.opensilex.org/vocabulary/oeso#Vector,ensol0002,EnviroSCAN,01BD1DD71500001,2013-01-01,2014-01-01,florence.meunier@inra.fr
http://www.opensilex.org/vocabulary/oeso#Vector,ensol0003,EnviroSCAN,01BD1DD71500001,2013-01-01,2014-01-01,florence.meunier@inra.fr
http://www.opensilex.org/vocabulary/oeso#Vector,ensol0004,EnviroSCAN,01BD1DD71500001,2013-01-01,2014-01-01,florence.meunier@inra.fr
http://www.opensilex.org/vocabulary/oeso#Vector,ensol0005,EnviroSCAN,01BD1DD71500001,2013-01-01,2014-01-01,florence.meunier@inra.fr
